----------DROP 문 (TABLE)--------------	
DROP TABLE VIDEO;	
DROP TABLE CALENDAR;	
DROP TABLE REPLY;	
DROP TABLE QNA;	
DROP TABLE NOTICE;	
DROP TABLE MATERIAL_BOARD;	
DROP TABLE CERTIFICATE_ATTACHMENT;	
DROP TABLE EXAM_ANSWER;	
DROP TABLE EXAM_BOARD;	
DROP TABLE EXAM_QUESTION;	
DROP TABLE EXAM_ATTACHMENT;	
DROP TABLE EXAM;	
DROP TABLE TASK_SUBMIT;	
DROP TABLE TASK_FILE;	
DROP TABLE TASK;	
DROP TABLE ALARM;	
DROP TABLE ATTENDANCE;	
DROP TABLE MEMBER;	
DROP TABLE SUBJECT;	
DROP TABLE CLASS;	
	
	
----------- DROP (SEQUENCE) ----------	
DROP SEQUENCE SEQ_RNO;	
DROP SEQUENCE SEQ_QNO;	
DROP SEQUENCE SEQ_NNO;	
DROP SEQUENCE SEQ_MBNO;	
DROP SEQUENCE SEQ_CANO;	
DROP SEQUENCE SEQ_ANO;	
DROP SEQUENCE SEQ_EBNO;	
DROP SEQUENCE SEQ_EANO;	
DROP SEQUENCE SEQ_TNO;	
DROP SEQUENCE SEQ_TASKNO;	
DROP SEQUENCE SEQ_TFNO;	
DROP SEQUENCE SEQ_CNO;	
DROP SEQUENCE SEQ_SNO;	
	
---------- CREATE (SEQUENCE) ------------
CREATE SEQUENCE SEQ_RNO; -- REPLY
CREATE SEQUENCE SEQ_QNO; -- QNA
CREATE SEQUENCE SEQ_NNO; -- NOTICE
CREATE SEQUENCE SEQ_MBNO; -- MATERIAL_BOARD
CREATE SEQUENCE SEQ_CANO; -- CERTIFICATE_ATTACHMENT
CREATE SEQUENCE SEQ_ANO; -- ALARM
CREATE SEQUENCE SEQ_EBNO; -- EXAM_BOARD
CREATE SEQUENCE SEQ_EANO; -- EXAM_ATTACHMENT
CREATE SEQUENCE SEQ_TNO; -- EXAM
CREATE SEQUENCE SEQ_TASKNO; -- TASK
CREATE SEQUENCE SEQ_TFNO; -- TASK_FILE
CREATE SEQUENCE SEQ_CNO; -- CLASS
CREATE SEQUENCE SEQ_SNO; -- SUBJECT

---------- CREATE (TABLE) ----------------
CREATE TABLE CLASS (
CLASS_NO NUMBER PRIMARY KEY,
CLASS_NAME VARCHAR2(50));

CREATE TABLE SUBJECT (
SUBJECT_NO NUMBER PRIMARY KEY,
CLASS_NO NUMBER REFERENCES CLASS ON DELETE CASCADE,
SUBJECT_NAME VARCHAR2(300) UNIQUE,
START_DATE DATE NOT NULL,
END_DATE DATE NOT NULL,
STATUS VARCHAR2(1) NOT NULL,
DAY VARCHAR2(50) NOT NULL,
MAXIMUM_SEATS NUMBER NOT NULL,
CURRENT_SEATS NUMBER NOT NULL,
FEE NUMBER NOT NULL);

CREATE TABLE MEMBER (
ID VARCHAR2(30) PRIMARY KEY,
NAME VARCHAR2(50) NOT NULL,
PWD VARCHAR2(100) NOT NULL,
BIRTH VARCHAR2(10),
PHONE VARCHAR2(30),
IMAGE VARCHAR2(500) DEFAULT './resources/common/image/userImg.png'  NOT NULL,
EMAIL VARCHAR2(50) NOT NULL,
POST NUMBER,
ADDRESS VARCHAR2(500),
DETAIL_ADDRESS VARCHAR2(500),
SUBJECT NUMBER REFERENCES SUBJECT ON DELETE CASCADE,
SUBJECT_NAME VARCHAR2(300) REFERENCES SUBJECT(SUBJECT_NAME) ON DELETE CASCADE, 
ATTENDANCE_RATE NUMBER,
ENROLL_DATE DATE DEFAULT SYSDATE NOT NULL,
START_DATE DATE,
END_DATE DATE,
STATUS VARCHAR2(1) DEFAULT 'Y' NOT NULL,
SORT NUMBER CHECK(SORT IN(1,2,3)) NOT NULL,
EMPLOYEE_DATE DATE DEFAULT SYSDATE);

CREATE TABLE ATTENDANCE (
ID VARCHAR2(30) PRIMARY KEY,
COUNT NUMBER NOT NULL,
ATTENDANCE_DATE DATE DEFAULT SYSDATE NOT NULL,
STATUS VARCHAR2(1) DEFAULT 'N' NOT NULL,
SUBJECT_NO NUMBER REFERENCES SUBJECT ON DELETE CASCADE);

CREATE TABLE ALARM (
ALARM_NO NUMBER PRIMARY KEY,
ID VARCHAR2(30) REFERENCES MEMBER ON DELETE CASCADE,
ALARM_CONTENT VARCHAR2(300) NOT NULL,
ALARM_TYPE VARCHAR2(20) DEFAULT '일반' CHECK(ALARM_TYPE IN ('공지', '과제', '시험', '일반')),
STATUS VARCHAR2(1) DEFAULT 'N' NOT NULL,
CREATE_DATE DATE NOT NULL);

CREATE TABLE TASK (
TASK_NO NUMBER PRIMARY KEY,
SUBJECT_NO NUMBER REFERENCES SUBJECT ON DELETE CASCADE,
ID VARCHAR2(30) REFERENCES MEMBER ON DELETE CASCADE,
TASK_TITLE VARCHAR2(100) NOT NULL,
TASK_CONTENT VARCHAR2(500) NOT NULL,
START_DATE DATE DEFAULT SYSDATE NOT NULL,
END_DATE DATE NOT NULL,
STATUS VARCHAR2(1) DEFAULT 'N' NOT NULL);

CREATE TABLE TASK_FILE(
FILE_NO NUMBER PRIMARY KEY,
TASK_NO NUMBER REFERENCES TASK ON DELETE CASCADE,
ORIGIN_NAME VARCHAR2(500),
CHANGE_NAME VARCHAR2(500) ,
FILE_LEVEL NUMBER NOT NULL,
STATUS VARCHAR2(1) DEFAULT 'Y' NOT NULL);

CREATE TABLE TASK_SUBMIT(
TASK_NO NUMBER REFERENCES TASK ON DELETE CASCADE,
STUDENT_ID VARCHAR2(30) REFERENCES MEMBER ON DELETE CASCADE,
SUBMIT_CONTENT VARCHAR2(2000) NULL,
SUBMIT_DATE  DATE DEFAULT SYSDATE NULL,
MODIFY_DATE DATE NULL,
STATUS VARCHAR2(1) DEFAULT 'N' NOT NULL);

CREATE TABLE EXAM (
TEST_NO NUMBER PRIMARY KEY,
ID VARCHAR2(30) REFERENCES MEMBER ON DELETE CASCADE,
SUBJECT_NO NUMBER REFERENCES SUBJECT ON DELETE CASCADE,
TEST_TITLE VARCHAR2(100) NOT NULL,
EXAM_TIME NUMBER,
STATUS VARCHAR2(1) DEFAULT 'N' NOT NULL);

CREATE TABLE EXAM_ATTACHMENT(
FILE_NO NUMBER PRIMARY KEY,
TEST_NO NUMBER REFERENCES EXAM ON DELETE CASCADE,
ORIGIN_NAME VARCHAR2(500) NOT NULL,
CHANGE_NAME VARCHAR2(500) NOT NULL,
FILE_LEVEL NUMBER NOT NULL,
STATUS VARCHAR2(1) DEFAULT 'N' NOT NULL);

CREATE TABLE EXAM_QUESTION(
TEST_NO NUMBER REFERENCES EXAM ON DELETE CASCADE,
Q1 VARCHAR2(500) NOT NULL,
Q2 VARCHAR2(500) NOT NULL,
Q3 VARCHAR2(500) NOT NULL,
Q4 VARCHAR2(500) NOT NULL,
Q5 VARCHAR2(500) NOT NULL,
A1 VARCHAR2(500) NOT NULL,
A2 VARCHAR2(500) NOT NULL,
A3 VARCHAR2(500) NOT NULL,
A4 VARCHAR2(500) NOT NULL,
A5 VARCHAR2(500) NOT NULL);

CREATE TABLE EXAM_BOARD(
BOARD_NO NUMBER PRIMARY KEY,
CLASS_NO NUMBER REFERENCES CLASS ON DELETE CASCADE,
BOARD_TITLE VARCHAR2(600) NOT NULL,
BOARD_WRITER VARCHAR2(30) NOT NULL,
BOARD_CONTENT VARCHAR2(4000) NOT NULL,
ORIGIN_NAME VARCHAR2(500),
CHANGE_NAME VARCHAR2(1000),
CREATE_DATE DATE DEFAULT SYSDATE NOT NULL,
STATUS VARCHAR2(1) DEFAULT 'Y' NOT NULL);

CREATE TABLE EXAM_ANSWER(
TEST_NO NUMBER REFERENCES EXAM ON DELETE CASCADE,
STUDENT_ID VARCHAR2(30) REFERENCES MEMBER ON DELETE CASCADE,
A1 VARCHAR2(500),
A2 VARCHAR2(500),
A3 VARCHAR2(500),
A4 VARCHAR2(500),
A5 VARCHAR2(500),
STATUS VARCHAR2(1) DEFAULT 'N' NOT NULL,
SCORE NUMBER DEFAULT 0,
EXAM_DATE DATE
);

CREATE TABLE CERTIFICATE_ATTACHMENT(
FILE_NO NUMBER PRIMARY KEY,
ORIGIN_NAME VARCHAR2(500) NOT NULL,
CHANGE_NAME VARCHAR2(500) NOT NULL,
FILE_LEVEL NUMBER NOT NULL,
STATUS VARCHAR2(1) DEFAULT 'Y' NOT NULL);

CREATE TABLE MATERIAL_BOARD(
BOARD_NO NUMBER PRIMARY KEY,
CLASS_NO NUMBER REFERENCES CLASS ON DELETE CASCADE,
BOARD_TITLE VARCHAR2(500) NOT NULL,
BOARD_WRITER VARCHAR2(30) NOT NULL,
BOARD_CONTENT VARCHAR2(4000) NOT NULL,
ORIGIN_NAME VARCHAR2(500),
CHANGE_NAME VARCHAR2(1000),
COUNT NUMBER NOT NULL,
CREATE_DATE DATE DEFAULT SYSDATE NOT NULL,
STATUS VARCHAR2(1) DEFAULT 'Y' NOT NULL);

CREATE TABLE NOTICE(
BOARD_NO NUMBER PRIMARY KEY,
BOARD_TITLE VARCHAR2(500) NOT NULL,
BOARD_WRITER VARCHAR2(30) NOT NULL,
BOARD_CONTENT VARCHAR2(4000) NOT NULL,
ORIGIN_NAME VARCHAR2(500),
CHANGE_NAME VARCHAR2(1000),
COUNT NUMBER NOT NULL,
CREATE_DATE DATE DEFAULT SYSDATE NOT NULL,
STATUS VARCHAR2(1) DEFAULT 'Y' NOT NULL,
VIEWS NUMBER CHECK (VIEWS IN (1, 2, 3)) NOT NULL);

CREATE TABLE QNA(
BOARD_NO NUMBER PRIMARY KEY,
BOARD_TITLE VARCHAR2(500) NOT NULL,
BOARD_WRITER VARCHAR2(30) NOT NULL,
BOARD_CONTENT VARCHAR2(4000) NOT NULL,
ORIGIN_NAME VARCHAR2(500),
CHANGE_NAME VARCHAR2(1000),
COUNT NUMBER NOT NULL,
CREATE_DATE DATE DEFAULT SYSDATE NOT NULL,
STATUS VARCHAR2(1) DEFAULT 'Y' NOT NULL,
VIEWS NUMBER CHECK (VIEWS IN (1, 2, 3)) NOT NULL,
ANSWER VARCHAR2(1) DEFAULT 'N' NOT NULL);

CREATE TABLE REPLY(
REPLY_NO NUMBER PRIMARY KEY,
BOARD_NO NUMBER REFERENCES QNA ON DELETE CASCADE,
REPLY_CONTENT VARCHAR2(500) NOT NULL,
REPLY_WRITER VARCHAR2(100) NOT NULL,
REPLY_DATE DATE DEFAULT SYSDATE NOT NULL,
STATUS VARCHAR2(1) DEFAULT 'Y' NOT NULL,
REPLY_STATUS VARCHAR2(1) DEFAULT 'N' NOT NULL,
REF_RNO NUMBER);

CREATE TABLE CALENDAR(
CAL_ID VARCHAR2(50) NOT NULL,
CAL_TITLE VARCHAR2(100),
CAL_START VARCHAR2(50),
CAL_END VARCHAR2(50),
CAL_DESCRIPTION VARCHAR2(1000),
CAL_TYPE VARCHAR2(50),
USERNAME VARCHAR2(50),
BACKGROUNDCOLOR VARCHAR2(50),
TEXTCOLOR VARCHAR2(50),
ALLDAY VARCHAR2(50)
);

CREATE TABLE VIDEO(
VIDEO_NO NUMBER PRIMARY KEY,
VIDEO_TITLE VARCHAR2(500) NOT NULL,
VIDEO_WRITER VARCHAR2(30) NOT NULL,
VIDEO_CONTENT VARCHAR2(4000) NOT NULL,
ORIGIN_NAME VARCHAR2(500),
CHANGE_NAME VARCHAR2(1000),
CREATE_DATE DATE DEFAULT SYSDATE NOT NULL,
STATUS VARCHAR2(1) DEFAULT 'Y' NOT NULL
);


-- INSERT문
-- CLASS
INSERT INTO CLASS (CLASS_NO, CLASS_NAME) VALUES (SEQ_CNO.NEXTVAL,'자바');
INSERT INTO CLASS (CLASS_NO, CLASS_NAME) VALUES (SEQ_CNO.NEXTVAL,'파이썬');
INSERT INTO CLASS (CLASS_NO, CLASS_NAME) VALUES (SEQ_CNO.NEXTVAL,'C');

-- SUBJECT
INSERT INTO SUBJECT (SUBJECT_NO, CLASS_NO, SUBJECT_NAME, START_DATE, END_DATE, STATUS, DAY, MAXIMUM_SEATS, CURRENT_SEATS, FEE) VALUES (SEQ_SNO.NEXTVAL,1,'자바프로그래밍1반',to_date('10/18/2022', 'MM/DD/RRRR'),to_date('05/19/2023', 'MM/DD/RRRR'),'N','월,수,금',5,5,500000);
INSERT INTO SUBJECT (SUBJECT_NO, CLASS_NO, SUBJECT_NAME, START_DATE, END_DATE, STATUS, DAY, MAXIMUM_SEATS, CURRENT_SEATS, FEE) VALUES (SEQ_SNO.NEXTVAL,1,'자바프로그래밍2반',to_date('11/18/2022', 'MM/DD/RRRR'),to_date('06/19/2023', 'MM/DD/RRRR'),'N','화,목,토',5,3,500000);
INSERT INTO SUBJECT (SUBJECT_NO, CLASS_NO, SUBJECT_NAME, START_DATE, END_DATE, STATUS, DAY, MAXIMUM_SEATS, CURRENT_SEATS, FEE) VALUES (SEQ_SNO.NEXTVAL,2,'파이썬1반',to_date('10/18/2022', 'MM/DD/RRRR'),to_date('05/19/2023', 'MM/DD/RRRR'),'N','월,수,금',5,5,500000);
INSERT INTO SUBJECT (SUBJECT_NO, CLASS_NO, SUBJECT_NAME, START_DATE, END_DATE, STATUS, DAY, MAXIMUM_SEATS, CURRENT_SEATS, FEE) VALUES (SEQ_SNO.NEXTVAL,2,'파이썬2반',to_date('11/18/2022', 'MM/DD/RRRR'),to_date('06/19/2023', 'MM/DD/RRRR'),'N','화,목,토',5,2,500000);
INSERT INTO SUBJECT (SUBJECT_NO, CLASS_NO, SUBJECT_NAME, START_DATE, END_DATE, STATUS, DAY, MAXIMUM_SEATS, CURRENT_SEATS, FEE) VALUES (SEQ_SNO.NEXTVAL,3,'C언어1반',to_date('10/18/2022', 'MM/DD/RRRR'),to_date('05/19/2023', 'MM/DD/RRRR'),'N','월,수,금',5,4,500000);
INSERT INTO SUBJECT (SUBJECT_NO, CLASS_NO, SUBJECT_NAME, START_DATE, END_DATE, STATUS, DAY, MAXIMUM_SEATS, CURRENT_SEATS, FEE) VALUES (SEQ_SNO.NEXTVAL,3,'C언어2반',to_date('11/18/2022', 'MM/DD/RRRR'),to_date('06/19/2023', 'MM/DD/RRRR'),'N','화,목,토',5,5,500000);

-- MEMBER
INSERT INTO MEMBER (ID, NAME, PWD, BIRTH, PHONE, IMAGE, EMAIL, POST, ADDRESS, DETAIL_ADDRESS, SUBJECT, SUBJECT_NAME, ATTENDANCE_RATE, ENROLL_DATE, START_DATE, END_DATE, STATUS, SORT, EMPLOYEE_DATE) VALUES ('admin','관리자','admin',NULL,NULL,DEFAULT,'admin@gmail.com',NULL,NULL,NULL,NULL, NULL, NULL,to_date(SYSDATE, 'YYYY-MM-DD'),to_date(NULL, 'YYYY-MM-DD'),to_date(NULL, 'YYYY-MM-DD'),DEFAULT,1,to_date(NULL, 'YYYY-MM-DD'));
INSERT INTO MEMBER (ID, NAME, PWD, BIRTH, PHONE, IMAGE, EMAIL, POST, ADDRESS, DETAIL_ADDRESS, SUBJECT, SUBJECT_NAME, ATTENDANCE_RATE, ENROLL_DATE, START_DATE, END_DATE, STATUS, SORT, EMPLOYEE_DATE) VALUES ('INSTRUCTOR01','강사1','INSTRUCTOR01',NULL,NULL,DEFAULT,'ins1@gmail.com',NULL,NULL,NULL,1, '자바프로그래밍1반',NULL,to_date('2019/01/01', 'YYYY-MM-DD'),to_date('2022/10/18', 'YYYY-MM-DD'),to_date('2023/05/19', 'YYYY-MM-DD'),DEFAULT,2,to_date('2019/01/01', 'YYYY-MM-DD'));
INSERT INTO MEMBER (ID, NAME, PWD, BIRTH, PHONE, IMAGE, EMAIL, POST, ADDRESS, DETAIL_ADDRESS, SUBJECT, SUBJECT_NAME, ATTENDANCE_RATE, ENROLL_DATE, START_DATE, END_DATE, STATUS, SORT, EMPLOYEE_DATE) VALUES ('USER01','학생1','USER01',NULL,NULL,DEFAULT,'user01@gmail.com',NULL,NULL,NULL,1,'자바프로그래밍1반', 10.8,to_date('2022/10/01', 'YYYY-MM-DD'),to_date('2022/10/18', 'YYYY-MM-DD'),to_date('2023/05/19', 'YYYY-MM-DD'),'A',3,to_date(NULL, 'YYYY-MM-DD'));
INSERT INTO MEMBER (ID, NAME, PWD, BIRTH, PHONE, IMAGE, EMAIL, POST, ADDRESS, DETAIL_ADDRESS, SUBJECT, SUBJECT_NAME, ATTENDANCE_RATE, ENROLL_DATE, START_DATE, END_DATE, STATUS, SORT, EMPLOYEE_DATE) VALUES ('USER02','학생2','USER02',NULL,NULL,DEFAULT,'user02@gmail.com',NULL,NULL,NULL,4,'파이썬2반',14.1,to_date('2022/10/01', 'YYYY-MM-DD'),to_date('2022/11/18', 'YYYY-MM-DD'),to_date('2023/06/19', 'YYYY-MM-DD'),DEFAULT,3,to_date(NULL, 'YYYY-MM-DD'));
INSERT INTO MEMBER (ID, NAME, PWD, BIRTH, PHONE, IMAGE, EMAIL, POST, ADDRESS, DETAIL_ADDRESS, SUBJECT, SUBJECT_NAME, ATTENDANCE_RATE, ENROLL_DATE, START_DATE, END_DATE, STATUS, SORT, EMPLOYEE_DATE) VALUES ('USER03','학생3','USER03',NULL,NULL,DEFAULT,'user03@gmail.com',NULL,NULL,NULL,6,'C언어2반',21.1,to_date('2022/10/03', 'YYYY-MM-DD'),to_date('2022/11/18', 'YYYY-MM-DD'),to_date('2023/06/19', 'YYYY-MM-DD'),'A',3,to_date(NULL, 'YYYY-MM-DD'));
INSERT INTO MEMBER (ID, NAME, PWD, BIRTH, PHONE, IMAGE, EMAIL, POST, ADDRESS, DETAIL_ADDRESS, SUBJECT, SUBJECT_NAME, ATTENDANCE_RATE, ENROLL_DATE, START_DATE, END_DATE, STATUS, SORT, EMPLOYEE_DATE) VALUES ('USER04','학생4','USER04',NULL,NULL,DEFAULT,'user04@naver.com',NULL,NULL,NULL,4,'파이썬2반',10.3,to_date('2022/10/03', 'YYYY-MM-DD'),to_date('2022/11/18', 'YYYY-MM-DD'),to_date('2023/06/19', 'YYYY-MM-DD'),DEFAULT,3,to_date(NULL, 'YYYY-MM-DD'));
INSERT INTO MEMBER (ID, NAME, PWD, BIRTH, PHONE, IMAGE, EMAIL, POST, ADDRESS, DETAIL_ADDRESS, SUBJECT, SUBJECT_NAME, ATTENDANCE_RATE, ENROLL_DATE, START_DATE, END_DATE, STATUS, SORT, EMPLOYEE_DATE) VALUES ('USER05','학생5','USER05',NULL,NULL,DEFAULT,'user05@gmail.com',NULL,NULL,NULL,1,'자바프로그래밍1반', 4.7,to_date('2022/10/04', 'YYYY-MM-DD'),to_date('2022/10/18', 'YYYY-MM-DD'),to_date('2023/05/19', 'YYYY-MM-DD'),'A',3,to_date(NULL, 'YYYY-MM-DD'));
INSERT INTO MEMBER (ID, NAME, PWD, BIRTH, PHONE, IMAGE, EMAIL, POST, ADDRESS, DETAIL_ADDRESS, SUBJECT, SUBJECT_NAME, ATTENDANCE_RATE, ENROLL_DATE, START_DATE, END_DATE, STATUS, SORT, EMPLOYEE_DATE) VALUES ('USER06','학생6','USER06',NULL,NULL,DEFAULT,'user06@naver.com',NULL,NULL,NULL,6,'C언어2반',3.3,to_date('2022/10/05', 'YYYY-MM-DD'),to_date('2022/11/18', 'YYYY-MM-DD'),to_date('2023/06/19', 'YYYY-MM-DD'),DEFAULT,3,to_date(NULL, 'YYYY-MM-DD'));
INSERT INTO MEMBER (ID, NAME, PWD, BIRTH, PHONE, IMAGE, EMAIL, POST, ADDRESS, DETAIL_ADDRESS, SUBJECT, SUBJECT_NAME, ATTENDANCE_RATE, ENROLL_DATE, START_DATE, END_DATE, STATUS, SORT, EMPLOYEE_DATE) VALUES ('USER07','학생7','USER07',NULL,NULL,DEFAULT,'user07@gmail.com',NULL,NULL,NULL,1, '자바프로그래밍1반', 28.2,to_date('2022/10/06', 'YYYY-MM-DD'),to_date('2022/10/18', 'YYYY-MM-DD'),to_date('2023/05/19', 'YYYY-MM-DD'),DEFAULT,3,to_date(NULL, 'YYYY-MM-DD'));
INSERT INTO MEMBER (ID, NAME, PWD, BIRTH, PHONE, IMAGE, EMAIL, POST, ADDRESS, DETAIL_ADDRESS, SUBJECT, SUBJECT_NAME, ATTENDANCE_RATE, ENROLL_DATE, START_DATE, END_DATE, STATUS, SORT, EMPLOYEE_DATE) VALUES ('USER08','학생8','USER08',NULL,NULL,DEFAULT,'user08@naver.com',NULL,NULL,NULL,3,'파이썬1반',23.5,to_date('2022/10/07', 'YYYY-MM-DD'),to_date('2022/10/18', 'YYYY-MM-DD'),to_date('2023/05/19', 'YYYY-MM-DD'),DEFAULT,3,to_date(NULL, 'YYYY-MM-DD'));
INSERT INTO MEMBER (ID, NAME, PWD, BIRTH, PHONE, IMAGE, EMAIL, POST, ADDRESS, DETAIL_ADDRESS, SUBJECT, SUBJECT_NAME, ATTENDANCE_RATE, ENROLL_DATE, START_DATE, END_DATE, STATUS, SORT, EMPLOYEE_DATE) VALUES ('USER09','학생9','USER09',NULL,NULL,DEFAULT,'user09@gmail.com',NULL,NULL,NULL,3,'파이썬1반',25.4,to_date('2022/10/08', 'YYYY-MM-DD'),to_date('2022/10/18', 'YYYY-MM-DD'),to_date('2023/05/19', 'YYYY-MM-DD'),DEFAULT,3,to_date(NULL, 'YYYY-MM-DD'));
INSERT INTO MEMBER (ID, NAME, PWD, BIRTH, PHONE, IMAGE, EMAIL, POST, ADDRESS, DETAIL_ADDRESS, SUBJECT, SUBJECT_NAME, ATTENDANCE_RATE, ENROLL_DATE, START_DATE, END_DATE, STATUS, SORT, EMPLOYEE_DATE) VALUES ('USER10','학생10','USER10',NULL,NULL,DEFAULT,'user10@naver.com',NULL,NULL,NULL,3,'파이썬1반',22.1,to_date('2022/10/09', 'YYYY-MM-DD'),to_date('2022/10/18', 'YYYY-MM-DD'),to_date('2023/05/19', 'YYYY-MM-DD'),DEFAULT,3,to_date(NULL, 'YYYY-MM-DD'));
INSERT INTO MEMBER (ID, NAME, PWD, BIRTH, PHONE, IMAGE, EMAIL, POST, ADDRESS, DETAIL_ADDRESS, SUBJECT, SUBJECT_NAME, ATTENDANCE_RATE, ENROLL_DATE, START_DATE, END_DATE, STATUS, SORT, EMPLOYEE_DATE) VALUES ('USER11','학생11','USER11',NULL,NULL,DEFAULT,'user11@gmail.com',NULL,NULL,NULL,1,'자바프로그래밍1반', 5.7,to_date('2022/10/10', 'YYYY-MM-DD'),to_date('2022/10/18', 'YYYY-MM-DD'),to_date('2023/05/19', 'YYYY-MM-DD'),DEFAULT,3,to_date(NULL, 'YYYY-MM-DD'));
INSERT INTO MEMBER (ID, NAME, PWD, BIRTH, PHONE, IMAGE, EMAIL, POST, ADDRESS, DETAIL_ADDRESS, SUBJECT, SUBJECT_NAME, ATTENDANCE_RATE, ENROLL_DATE, START_DATE, END_DATE, STATUS, SORT, EMPLOYEE_DATE) VALUES ('USER12','학생12','USER12',NULL,NULL,DEFAULT,'user12@naver.com',NULL,NULL,NULL,6,'C언어2반',17,to_date('2022/10/11', 'YYYY-MM-DD'),to_date('2022/11/18', 'YYYY-MM-DD'),to_date('2023/06/19', 'YYYY-MM-DD'),DEFAULT,3,to_date(NULL, 'YYYY-MM-DD'));
INSERT INTO MEMBER (ID, NAME, PWD, BIRTH, PHONE, IMAGE, EMAIL, POST, ADDRESS, DETAIL_ADDRESS, SUBJECT, SUBJECT_NAME, ATTENDANCE_RATE, ENROLL_DATE, START_DATE, END_DATE, STATUS, SORT, EMPLOYEE_DATE) VALUES ('TEST01','조진원','test01',NULL,NULL,DEFAULT,'test01@naver.com',NULL,NULL,NULL,6,'C언어2반',46.9,to_date('2022/10/12', 'YYYY-MM-DD'),to_date('2022/11/18', 'YYYY-MM-DD'),to_date('2023/06/19', 'YYYY-MM-DD'),DEFAULT,3,to_date(NULL, 'YYYY-MM-DD'));
INSERT INTO MEMBER (ID, NAME, PWD, BIRTH, PHONE, IMAGE, EMAIL, POST, ADDRESS, DETAIL_ADDRESS, SUBJECT, SUBJECT_NAME, ATTENDANCE_RATE, ENROLL_DATE, START_DATE, END_DATE, STATUS, SORT, EMPLOYEE_DATE) VALUES ('TEST02','정지용','test02','12/24/1998','010-5285-0376',DEFAULT,'jane9512@naver.com',NULL,NULL,NULL,3,'파이썬1반',46,to_date('2022/10/13', 'YYYY-MM-DD'),to_date('2022/10/18', 'YYYY-MM-DD'),to_date('2023/05/19', 'YYYY-MM-DD'),DEFAULT,3,to_date(NULL, 'YYYY-MM-DD'));
INSERT INTO MEMBER (ID, NAME, PWD, BIRTH, PHONE, IMAGE, EMAIL, POST, ADDRESS, DETAIL_ADDRESS, SUBJECT, SUBJECT_NAME, ATTENDANCE_RATE, ENROLL_DATE, START_DATE, END_DATE, STATUS, SORT, EMPLOYEE_DATE) VALUES ('TEST03','이윤화','test03',NULL,NULL,DEFAULT,'test03@gmail.com',NULL,NULL,NULL,3,'파이썬1반',45.1,to_date('2022/10/14', 'YYYY-MM-DD'),to_date('2022/10/18', 'YYYY-MM-DD'),to_date('2023/05/19', 'YYYY-MM-DD'),DEFAULT,3,to_date(NULL, 'YYYY-MM-DD'));
INSERT INTO MEMBER (ID, NAME, PWD, BIRTH, PHONE, IMAGE, EMAIL, POST, ADDRESS, DETAIL_ADDRESS, SUBJECT, SUBJECT_NAME, ATTENDANCE_RATE, ENROLL_DATE, START_DATE, END_DATE, STATUS, SORT, EMPLOYEE_DATE) VALUES ('TEST04','박수현','test04',NULL,NULL,DEFAULT,'susu04@naver.com',NULL,NULL,NULL,1,'자바프로그래밍1반',37.6,to_date('2022/10/15', 'YYYY-MM-DD'),to_date('2022/10/18', 'YYYY-MM-DD'),to_date('2023/05/19', 'YYYY-MM-DD'),DEFAULT,3,to_date(NULL, 'YYYY-MM-DD'));
INSERT INTO MEMBER (ID, NAME, PWD, BIRTH, PHONE, IMAGE, EMAIL, POST, ADDRESS, DETAIL_ADDRESS, SUBJECT, SUBJECT_NAME, ATTENDANCE_RATE, ENROLL_DATE, START_DATE, END_DATE, STATUS, SORT, EMPLOYEE_DATE) VALUES ('TEST05','윤여진','test05',NULL,NULL,DEFAULT,'jane9511@naver.com',NULL,NULL,NULL,6,'C언어2반',35.7,to_date('2022/10/16', 'YYYY-MM-DD'),to_date('2022/11/18', 'YYYY-MM-DD'),to_date('2023/06/19', 'YYYY-MM-DD'),DEFAULT,3,to_date(NULL, 'YYYY-MM-DD'));
INSERT INTO MEMBER (ID, NAME, PWD, BIRTH, PHONE, IMAGE, EMAIL, POST, ADDRESS, DETAIL_ADDRESS, SUBJECT, SUBJECT_NAME, ATTENDANCE_RATE, ENROLL_DATE, START_DATE, END_DATE, STATUS, SORT, EMPLOYEE_DATE) VALUES ('TEST06','이형근','test06',NULL,NULL,DEFAULT,'test06@gmail.com',NULL,NULL,NULL,4,'파이썬2반',47.4,to_date('2022/10/17', 'YYYY-MM-DD'),to_date('2022/11/18', 'YYYY-MM-DD'),to_date('2023/06/19', 'YYYY-MM-DD'),DEFAULT,3,to_date(NULL, 'YYYY-MM-DD'));
INSERT INTO MEMBER (ID, NAME, PWD, BIRTH, PHONE, IMAGE, EMAIL, POST, ADDRESS, DETAIL_ADDRESS, SUBJECT, SUBJECT_NAME, ATTENDANCE_RATE, ENROLL_DATE, START_DATE, END_DATE, STATUS, SORT, EMPLOYEE_DATE) VALUES ('TEST07','최민수','test07',NULL,NULL,DEFAULT,'test07@naver.com',NULL,NULL,NULL,4,'파이썬2반',51.6,to_date('2022/10/18', 'YYYY-MM-DD'),to_date('2022/11/18', 'YYYY-MM-DD'),to_date('2023/06/19', 'YYYY-MM-DD'),DEFAULT,3,to_date(NULL, 'YYYY-MM-DD'));
INSERT INTO MEMBER (ID, NAME, PWD, BIRTH, PHONE, IMAGE, EMAIL, POST, ADDRESS, DETAIL_ADDRESS, SUBJECT, SUBJECT_NAME, ATTENDANCE_RATE, ENROLL_DATE, START_DATE, END_DATE, STATUS, SORT, EMPLOYEE_DATE) VALUES ('TEST08','김소정','test08',NULL,NULL,DEFAULT,'test08@gmail.com',NULL,NULL,NULL,2,'자바프로그래밍2반',56.3,to_date('2022/10/19', 'YYYY-MM-DD'),to_date('2022/11/18', 'YYYY-MM-DD'),to_date('2023/06/19', 'YYYY-MM-DD'),DEFAULT,3,to_date(NULL, 'YYYY-MM-DD'));
INSERT INTO MEMBER (ID, NAME, PWD, BIRTH, PHONE, IMAGE, EMAIL, POST, ADDRESS, DETAIL_ADDRESS, SUBJECT, SUBJECT_NAME, ATTENDANCE_RATE, ENROLL_DATE, START_DATE, END_DATE, STATUS, SORT, EMPLOYEE_DATE) VALUES ('TEST09','박대리','test09',NULL,NULL,DEFAULT,'test09@naver.com',NULL,NULL,NULL,2,'자바프로그래밍2반',46.5,to_date('2022/10/20', 'YYYY-MM-DD'),to_date('2022/11/18', 'YYYY-MM-DD'),to_date('2023/06/19', 'YYYY-MM-DD'),DEFAULT,3,to_date(NULL, 'YYYY-MM-DD'));
INSERT INTO MEMBER (ID, NAME, PWD, BIRTH, PHONE, IMAGE, EMAIL, POST, ADDRESS, DETAIL_ADDRESS, SUBJECT, SUBJECT_NAME, ATTENDANCE_RATE, ENROLL_DATE, START_DATE, END_DATE, STATUS, SORT, EMPLOYEE_DATE) VALUES ('TEST10','오세훈','test10',NULL,NULL,DEFAULT,'test10@gmail.com',NULL,NULL,NULL,2,'자바프로그래밍2반',41.3,to_date('2022/10/21', 'YYYY-MM-DD'),to_date('2022/11/18', 'YYYY-MM-DD'),to_date('2023/06/19', 'YYYY-MM-DD'),DEFAULT,3,to_date(NULL, 'YYYY-MM-DD'));
INSERT INTO MEMBER (ID, NAME, PWD, BIRTH, PHONE, IMAGE, EMAIL, POST, ADDRESS, DETAIL_ADDRESS, SUBJECT, SUBJECT_NAME, ATTENDANCE_RATE, ENROLL_DATE, START_DATE, END_DATE, STATUS, SORT, EMPLOYEE_DATE) VALUES ('instructor2','강사2','ins2',NULL,NULL,DEFAULT,'ins2@gmail.com',NULL,NULL,NULL,2,'자바프로그래밍2반',NULL,to_date('2022/10/22', 'YYYY-MM-DD'),to_date('2022/11/18', 'YYYY-MM-DD'),to_date('2023/06/19', 'YYYY-MM-DD'),DEFAULT,2,to_date('2019/01/01', 'YYYY-MM-DD'));
INSERT INTO MEMBER (ID, NAME, PWD, BIRTH, PHONE, IMAGE, EMAIL, POST, ADDRESS, DETAIL_ADDRESS, SUBJECT, SUBJECT_NAME, ATTENDANCE_RATE, ENROLL_DATE, START_DATE, END_DATE, STATUS, SORT, EMPLOYEE_DATE) VALUES ('instructor3','강사3','ins3',NULL,NULL,DEFAULT,'ins3@gmail.com',NULL,NULL,NULL,NULL,NULL,NULL,to_date('2022/10/23', 'YYYY-MM-DD'),to_date(NULL, 'YYYY-MM-DD'),to_date(NULL, 'YYYY-MM-DD'),DEFAULT,2,to_date('2019/01/02', 'YYYY-MM-DD'));
INSERT INTO MEMBER (ID, NAME, PWD, BIRTH, PHONE, IMAGE, EMAIL, POST, ADDRESS, DETAIL_ADDRESS, SUBJECT, SUBJECT_NAME, ATTENDANCE_RATE, ENROLL_DATE, START_DATE, END_DATE, STATUS, SORT, EMPLOYEE_DATE) VALUES ('instructor4','강사4','ins4',NULL,NULL,DEFAULT,'ins4@gmail.com',NULL,NULL,NULL,NULL,NULL,NULL,to_date('2022/10/24', 'YYYY-MM-DD'),to_date(NULL, 'YYYY-MM-DD'),to_date(NULL, 'YYYY-MM-DD'),DEFAULT,2,to_date('2019/01/03', 'YYYY-MM-DD'));
INSERT INTO MEMBER (ID, NAME, PWD, BIRTH, PHONE, IMAGE, EMAIL, POST, ADDRESS, DETAIL_ADDRESS, SUBJECT, SUBJECT_NAME, ATTENDANCE_RATE, ENROLL_DATE, START_DATE, END_DATE, STATUS, SORT, EMPLOYEE_DATE) VALUES ('instructor5','강사5','ins5',NULL,NULL,DEFAULT,'ins5@gmail.com',NULL,NULL,NULL,3,'파이썬1반',NULL,to_date('2022/10/25', 'YYYY-MM-DD'),to_date('2022/10/18', 'YYYY-MM-DD'),to_date('2023/05/19', 'YYYY-MM-DD'),DEFAULT,2,to_date('2019/01/04', 'YYYY-MM-DD'));
INSERT INTO MEMBER (ID, NAME, PWD, BIRTH, PHONE, IMAGE, EMAIL, POST, ADDRESS, DETAIL_ADDRESS, SUBJECT, SUBJECT_NAME, ATTENDANCE_RATE, ENROLL_DATE, START_DATE, END_DATE, STATUS, SORT, EMPLOYEE_DATE) VALUES ('instructor6','강사6','ins6',NULL,NULL,DEFAULT,'ins6@gmail.com',NULL,NULL,NULL,4,'파이썬2반',NULL,to_date('2022/10/26', 'YYYY-MM-DD'),to_date('2022/11/18', 'YYYY-MM-DD'),to_date('2023/06/19', 'YYYY-MM-DD'),DEFAULT,2,to_date('2019/01/05', 'YYYY-MM-DD'));
INSERT INTO MEMBER (ID, NAME, PWD, BIRTH, PHONE, IMAGE, EMAIL, POST, ADDRESS, DETAIL_ADDRESS, SUBJECT, SUBJECT_NAME, ATTENDANCE_RATE, ENROLL_DATE, START_DATE, END_DATE, STATUS, SORT, EMPLOYEE_DATE) VALUES ('instructor7','강사7','ins7',NULL,NULL,DEFAULT,'ins7@gmail.com',NULL,NULL,NULL,6,'C언어2반',NULL,to_date('2022/10/27', 'YYYY-MM-DD'),to_date('2022/11/18', 'YYYY-MM-DD'),to_date('2023/06/19', 'YYYY-MM-DD'),DEFAULT,2,to_date('2019/01/06', 'YYYY-MM-DD'));
INSERT INTO MEMBER (ID, NAME, PWD, BIRTH, PHONE, IMAGE, EMAIL, POST, ADDRESS, DETAIL_ADDRESS, SUBJECT, SUBJECT_NAME, ATTENDANCE_RATE, ENROLL_DATE, START_DATE, END_DATE, STATUS, SORT, EMPLOYEE_DATE) VALUES ('instructor8','강사8','ins8',NULL,NULL,DEFAULT,'ins8@gmail.com',NULL,NULL,NULL,NULL,NULL,NULL,to_date('2022/10/28', 'YYYY-MM-DD'),to_date(NULL, 'YYYY-MM-DD'),to_date(NULL, 'YYYY-MM-DD'),DEFAULT,2,to_date('2019/01/07', 'YYYY-MM-DD'));
INSERT INTO MEMBER (ID, NAME, PWD, BIRTH, PHONE, IMAGE, EMAIL, POST, ADDRESS, DETAIL_ADDRESS, SUBJECT, SUBJECT_NAME, ATTENDANCE_RATE, ENROLL_DATE, START_DATE, END_DATE, STATUS, SORT, EMPLOYEE_DATE) VALUES ('instructor9','강사9','ins9',NULL,NULL,DEFAULT,'ins9@gmail.com',NULL,NULL,NULL,5,'C언어1반',NULL,to_date('2022/10/29', 'YYYY-MM-DD'),to_date('2022/10/18', 'YYYY-MM-DD'),to_date('2023/05/19', 'YYYY-MM-DD'),DEFAULT,2,to_date('2019/01/08', 'YYYY-MM-DD'));
INSERT INTO MEMBER (ID, NAME, PWD, BIRTH, PHONE, IMAGE, EMAIL, POST, ADDRESS, DETAIL_ADDRESS, SUBJECT, SUBJECT_NAME, ATTENDANCE_RATE, ENROLL_DATE, START_DATE, END_DATE, STATUS, SORT, EMPLOYEE_DATE) VALUES ('instructor10','강사10','ins10',NULL,NULL,DEFAULT,'ins10@gmail.com',NULL,NULL,NULL,NULL,NULL,NULL,to_date('2022/10/30', 'YYYY-MM-DD'),to_date(NULL, 'YYYY-MM-DD'),to_date(NULL, 'YYYY-MM-DD'),DEFAULT,2,to_date('2019/01/09', 'YYYY-MM-DD'));
INSERT INTO MEMBER (ID, NAME, PWD, BIRTH, PHONE, IMAGE, EMAIL, POST, ADDRESS, DETAIL_ADDRESS, SUBJECT, SUBJECT_NAME, ATTENDANCE_RATE, ENROLL_DATE, START_DATE, END_DATE, STATUS, SORT, EMPLOYEE_DATE) VALUES ('user13','학생13','user13',NULL,NULL,DEFAULT,'user13@gmail.com',NULL,NULL,NULL,5,'C언어1반',21.6,to_date('2022/10/31', 'YYYY-MM-DD'),to_date('2022/10/18', 'YYYY-MM-DD'),to_date('2023/05/19', 'YYYY-MM-DD'),DEFAULT,3,to_date(NULL, 'YYYY-MM-DD'));
INSERT INTO MEMBER (ID, NAME, PWD, BIRTH, PHONE, IMAGE, EMAIL, POST, ADDRESS, DETAIL_ADDRESS, SUBJECT, SUBJECT_NAME, ATTENDANCE_RATE, ENROLL_DATE, START_DATE, END_DATE, STATUS, SORT, EMPLOYEE_DATE) VALUES ('user14','학생14','user14',NULL,NULL,DEFAULT,'user14@gmail.com',NULL,NULL,NULL,5,'C언어1반',23.9,to_date('2022/11/01', 'YYYY-MM-DD'),to_date('2022/10/18', 'YYYY-MM-DD'),to_date('2023/05/19', 'YYYY-MM-DD'),DEFAULT,3,to_date(NULL, 'YYYY-MM-DD'));
INSERT INTO MEMBER (ID, NAME, PWD, BIRTH, PHONE, IMAGE, EMAIL, POST, ADDRESS, DETAIL_ADDRESS, SUBJECT, SUBJECT_NAME, ATTENDANCE_RATE, ENROLL_DATE, START_DATE, END_DATE, STATUS, SORT, EMPLOYEE_DATE) VALUES ('user15','학생15','user15',NULL,NULL,DEFAULT,'user15@gmail.com',NULL,NULL,NULL,5,'C언어1반',24.4,to_date('2022/11/02', 'YYYY-MM-DD'),to_date('2022/10/18', 'YYYY-MM-DD'),to_date('2023/05/19', 'YYYY-MM-DD'),DEFAULT,3,to_date(NULL, 'YYYY-MM-DD'));
INSERT INTO MEMBER (ID, NAME, PWD, BIRTH, PHONE, IMAGE, EMAIL, POST, ADDRESS, DETAIL_ADDRESS, SUBJECT, SUBJECT_NAME, ATTENDANCE_RATE, ENROLL_DATE, START_DATE, END_DATE, STATUS, SORT, EMPLOYEE_DATE) VALUES ('user16','학생16','user16',NULL,NULL,DEFAULT,'user16@gmail.com',NULL,NULL,NULL,5,'C언어1반',15.5,to_date('2022/11/03', 'YYYY-MM-DD'),to_date('2022/10/18', 'YYYY-MM-DD'),to_date('2023/05/19', 'YYYY-MM-DD'),DEFAULT,3,to_date(NULL, 'YYYY-MM-DD'));

-- ATTENDANCE
INSERT INTO ATTENDANCE (ID, COUNT, ATTENDANCE_DATE, STATUS, SUBJECT_NO) VALUES ('USER01',23, DEFAULT, DEFAULT,1);
INSERT INTO ATTENDANCE (ID, COUNT, ATTENDANCE_DATE, STATUS, SUBJECT_NO) VALUES ('USER02',30,DEFAULT,DEFAULT,4);
INSERT INTO ATTENDANCE (ID, COUNT, ATTENDANCE_DATE, STATUS, SUBJECT_NO) VALUES ('USER03',45,DEFAULT,DEFAULT,6);
INSERT INTO ATTENDANCE (ID, COUNT, ATTENDANCE_DATE, STATUS, SUBJECT_NO) VALUES ('USER04',22,DEFAULT,DEFAULT,4);
INSERT INTO ATTENDANCE (ID, COUNT, ATTENDANCE_DATE, STATUS, SUBJECT_NO) VALUES ('USER05',10,DEFAULT,DEFAULT,1);
INSERT INTO ATTENDANCE (ID, COUNT, ATTENDANCE_DATE, STATUS, SUBJECT_NO) VALUES ('USER06',7,DEFAULT,DEFAULT,6);
INSERT INTO ATTENDANCE (ID, COUNT, ATTENDANCE_DATE, STATUS, SUBJECT_NO) VALUES ('USER07',60,DEFAULT,DEFAULT,1);
INSERT INTO ATTENDANCE (ID, COUNT, ATTENDANCE_DATE, STATUS, SUBJECT_NO) VALUES ('USER08',50,DEFAULT,DEFAULT,3);
INSERT INTO ATTENDANCE (ID, COUNT, ATTENDANCE_DATE, STATUS, SUBJECT_NO) VALUES ('USER09',54,DEFAULT,DEFAULT,3);
INSERT INTO ATTENDANCE (ID, COUNT, ATTENDANCE_DATE, STATUS, SUBJECT_NO) VALUES ('USER10',47,DEFAULT,DEFAULT,3);
INSERT INTO ATTENDANCE (ID, COUNT, ATTENDANCE_DATE, STATUS, SUBJECT_NO) VALUES ('USER11',12,DEFAULT,DEFAULT,1);
INSERT INTO ATTENDANCE (ID, COUNT, ATTENDANCE_DATE, STATUS, SUBJECT_NO) VALUES ('USER12',36,DEFAULT,DEFAULT,6);
INSERT INTO ATTENDANCE (ID, COUNT, ATTENDANCE_DATE, STATUS, SUBJECT_NO) VALUES ('user13',46,DEFAULT,DEFAULT,5);
INSERT INTO ATTENDANCE (ID, COUNT, ATTENDANCE_DATE, STATUS, SUBJECT_NO) VALUES ('user14',51,DEFAULT,DEFAULT,5);
INSERT INTO ATTENDANCE (ID, COUNT, ATTENDANCE_DATE, STATUS, SUBJECT_NO) VALUES ('user15',52,DEFAULT,DEFAULT,5);
INSERT INTO ATTENDANCE (ID, COUNT, ATTENDANCE_DATE, STATUS, SUBJECT_NO) VALUES ('user16',33,DEFAULT,DEFAULT,5);
INSERT INTO ATTENDANCE (ID, COUNT, ATTENDANCE_DATE, STATUS, SUBJECT_NO) VALUES ('TEST01',100,DEFAULT,DEFAULT,6);
INSERT INTO ATTENDANCE (ID, COUNT, ATTENDANCE_DATE, STATUS, SUBJECT_NO) VALUES ('TEST02',98,DEFAULT,DEFAULT,3);
INSERT INTO ATTENDANCE (ID, COUNT, ATTENDANCE_DATE, STATUS, SUBJECT_NO) VALUES ('TEST03',96,DEFAULT,DEFAULT,3);
INSERT INTO ATTENDANCE (ID, COUNT, ATTENDANCE_DATE, STATUS, SUBJECT_NO) VALUES ('TEST04',80,DEFAULT,DEFAULT,1);
INSERT INTO ATTENDANCE (ID, COUNT, ATTENDANCE_DATE, STATUS, SUBJECT_NO) VALUES ('TEST05',76,DEFAULT,DEFAULT,6);
INSERT INTO ATTENDANCE (ID, COUNT, ATTENDANCE_DATE, STATUS, SUBJECT_NO) VALUES ('TEST06',101,DEFAULT,DEFAULT,4);
INSERT INTO ATTENDANCE (ID, COUNT, ATTENDANCE_DATE, STATUS, SUBJECT_NO) VALUES ('TEST07',110,DEFAULT,DEFAULT,4);
INSERT INTO ATTENDANCE (ID, COUNT, ATTENDANCE_DATE, STATUS, SUBJECT_NO) VALUES ('TEST08',120,DEFAULT,DEFAULT,2);
INSERT INTO ATTENDANCE (ID, COUNT, ATTENDANCE_DATE, STATUS, SUBJECT_NO) VALUES ('TEST09',99,DEFAULT,DEFAULT,2);
INSERT INTO ATTENDANCE (ID, COUNT, ATTENDANCE_DATE, STATUS, SUBJECT_NO) VALUES ('TEST10',88,DEFAULT,DEFAULT,2);

-- TASK
INSERT INTO TASK (TASK_NO, SUBJECT_NO, ID, TASK_TITLE, TASK_CONTENT, START_DATE, END_DATE) VALUES (SEQ_TASKNO.NEXTVAL,1,'INSTRUCTOR01','자바 기초','자바 언어의 특징 3가지를 작성하시오.',to_date('2022-10-20', 'RRRR-MM-DD'),to_date('2022-10-21', 'RRRR-MM-DD'));
INSERT INTO TASK (TASK_NO, SUBJECT_NO, ID, TASK_TITLE, TASK_CONTENT, START_DATE, END_DATE) VALUES (SEQ_TASKNO.NEXTVAL,1,'INSTRUCTOR01','자료형','자료형 종류 8가지를 서술하시오',to_date('2022-11-01', 'RRRR-MM-DD'),to_date('2022-11-02', 'RRRR-MM-DD'));
INSERT INTO TASK (TASK_NO, SUBJECT_NO, ID, TASK_TITLE, TASK_CONTENT, START_DATE, END_DATE) VALUES (SEQ_TASKNO.NEXTVAL,1,'INSTRUCTOR01','연산자','빈칸에 알맞은 말을 작성하시오.',to_date('2022-11-03', 'RRRR-MM-DD'),to_date('2022-11-04', 'RRRR-MM-DD'));
INSERT INTO TASK (TASK_NO, SUBJECT_NO, ID, TASK_TITLE, TASK_CONTENT, START_DATE, END_DATE) VALUES (SEQ_TASKNO.NEXTVAL,1,'INSTRUCTOR01','자료형과 연산자 마무리','다음과 같은 결과가 나오도록 코드를 작성하시오',to_date('2022-11-05', 'RRRR-MM-DD'),to_date('2022-11-06', 'RRRR-MM-DD'));
INSERT INTO TASK (TASK_NO, SUBJECT_NO, ID, TASK_TITLE, TASK_CONTENT, START_DATE, END_DATE) VALUES (SEQ_TASKNO.NEXTVAL,1,'INSTRUCTOR01','조건문','다음 코드의 실행시 결과를 작성하시오',to_date('2022-11-10', 'RRRR-MM-DD'),to_date('2022-11-11', 'RRRR-MM-DD'));
INSERT INTO TASK (TASK_NO, SUBJECT_NO, ID, TASK_TITLE, TASK_CONTENT, START_DATE, END_DATE) VALUES (SEQ_TASKNO.NEXTVAL,1,'INSTRUCTOR01','반복문','해당 코드를 작성 하였을때 결과를 작성하고 문제가 된다면 문제점을 서술하고 코드를 수정하시오.',to_date('2022-11-15', 'RRRR-MM-DD'),to_date('2022-11-16', 'RRRR-MM-DD'));
INSERT INTO TASK (TASK_NO, SUBJECT_NO, ID, TASK_TITLE, TASK_CONTENT, START_DATE, END_DATE) VALUES (SEQ_TASKNO.NEXTVAL,1,'INSTRUCTOR01','배열','빈칸에 알맞은 코드를 작성하시오.',to_date('2022-12-05', 'RRRR-MM-DD'),to_date('2022-12-06', 'RRRR-MM-DD'));
INSERT INTO TASK (TASK_NO, SUBJECT_NO, ID, TASK_TITLE, TASK_CONTENT, START_DATE, END_DATE) VALUES (SEQ_TASKNO.NEXTVAL,1,'INSTRUCTOR01','클래스','클래스에 개념에 대해 서술하시오',to_date('2022-12-10', 'RRRR-MM-DD'),to_date('2022-12-11', 'RRRR-MM-DD'));
INSERT INTO TASK (TASK_NO, SUBJECT_NO, ID, TASK_TITLE, TASK_CONTENT, START_DATE, END_DATE) VALUES (SEQ_TASKNO.NEXTVAL,1,'INSTRUCTOR01','메소드','다음과 같은 결과가 나오도록 메소드를 작성하시오.',to_date('2022-12-13', 'RRRR-MM-DD'),to_date('2022-12-14', 'RRRR-MM-DD'));
INSERT INTO TASK (TASK_NO, SUBJECT_NO, ID, TASK_TITLE, TASK_CONTENT, START_DATE, END_DATE) VALUES (SEQ_TASKNO.NEXTVAL,1,'INSTRUCTOR01','메소드','오버라이딩과 오버로딩의 차이점에 대해 서술하시오.',to_date('2022-12-16', 'RRRR-MM-DD'),to_date('2022-12-17', 'RRRR-MM-DD'));
INSERT INTO TASK (TASK_NO, SUBJECT_NO, ID, TASK_TITLE, TASK_CONTENT, START_DATE, END_DATE) VALUES (SEQ_TASKNO.NEXTVAL,1,'INSTRUCTOR01','컬렉션','다음과 같은 결과가 나오도록 코드를 작성하시오.',to_date('2022-12-19', 'RRRR-MM-DD'),to_date('2022-12-20', 'RRRR-MM-DD'));

-- TASK_FILE
INSERT INTO TASK_FILE (FILE_NO, TASK_NO, ORIGIN_NAME, CHANGE_NAME, FILE_LEVEL, STATUS) VALUES (SEQ_TFNO.NEXTVAL,1,'','',1,DEFAULT);
INSERT INTO TASK_FILE (FILE_NO, TASK_NO, ORIGIN_NAME, CHANGE_NAME, FILE_LEVEL, STATUS) VALUES (SEQ_TFNO.NEXTVAL,2,'','',1,DEFAULT);
INSERT INTO TASK_FILE (FILE_NO, TASK_NO, ORIGIN_NAME, CHANGE_NAME, FILE_LEVEL, STATUS) VALUES (SEQ_TFNO.NEXTVAL,3,'java_task1.png','resources/instructor/uploadFiles/java_task1.png',1,DEFAULT);
INSERT INTO TASK_FILE (FILE_NO, TASK_NO, ORIGIN_NAME, CHANGE_NAME, FILE_LEVEL, STATUS) VALUES (SEQ_TFNO.NEXTVAL,4,'java_task2.png','resources/instructor/uploadFiles/java_task2.png',1,DEFAULT);
INSERT INTO TASK_FILE (FILE_NO, TASK_NO, ORIGIN_NAME, CHANGE_NAME, FILE_LEVEL, STATUS) VALUES (SEQ_TFNO.NEXTVAL,5,'java_task3.png','resources/instructor/uploadFiles/java_task3.png',1,DEFAULT);
INSERT INTO TASK_FILE (FILE_NO, TASK_NO, ORIGIN_NAME, CHANGE_NAME, FILE_LEVEL, STATUS) VALUES (SEQ_TFNO.NEXTVAL,6,'java_task4.png','resources/instructor/uploadFiles/java_task4.png',1,DEFAULT);
INSERT INTO TASK_FILE (FILE_NO, TASK_NO, ORIGIN_NAME, CHANGE_NAME, FILE_LEVEL, STATUS) VALUES (SEQ_TFNO.NEXTVAL,7,'java_task5.png','resources/instructor/uploadFiles/java_task5.png',1,DEFAULT);
INSERT INTO TASK_FILE (FILE_NO, TASK_NO, ORIGIN_NAME, CHANGE_NAME, FILE_LEVEL, STATUS) VALUES (SEQ_TFNO.NEXTVAL,8,'','',1,DEFAULT);
INSERT INTO TASK_FILE (FILE_NO, TASK_NO, ORIGIN_NAME, CHANGE_NAME, FILE_LEVEL, STATUS) VALUES (SEQ_TFNO.NEXTVAL,9,'java_task6.png','resources/instructor/uploadFiles/java_task6.png',1,DEFAULT);
INSERT INTO TASK_FILE (FILE_NO, TASK_NO, ORIGIN_NAME, CHANGE_NAME, FILE_LEVEL, STATUS) VALUES (SEQ_TFNO.NEXTVAL,10,'','',1,DEFAULT);
INSERT INTO TASK_FILE (FILE_NO, TASK_NO, ORIGIN_NAME, CHANGE_NAME, FILE_LEVEL, STATUS) VALUES (SEQ_TFNO.NEXTVAL,SEQ_TASKNO.CURRVAL,'java_task7.png','resources/instructor/uploadFiles/java_task7.png',1,DEFAULT);

-- TASK_SUBMIT
Insert into YIST.TASK_SUBMIT (TASK_NO,STUDENT_ID,SUBMIT_CONTENT,SUBMIT_DATE,MODIFY_DATE,STATUS) values (1,'USER05',null,null,null,'N');
Insert into YIST.TASK_SUBMIT (TASK_NO,STUDENT_ID,SUBMIT_CONTENT,SUBMIT_DATE,MODIFY_DATE,STATUS) values (1,'USER07',null,null,null,'N');
Insert into YIST.TASK_SUBMIT (TASK_NO,STUDENT_ID,SUBMIT_CONTENT,SUBMIT_DATE,MODIFY_DATE,STATUS) values (1,'USER11',null,null,null,'N');
Insert into YIST.TASK_SUBMIT (TASK_NO,STUDENT_ID,SUBMIT_CONTENT,SUBMIT_DATE,MODIFY_DATE,STATUS) values (1,'TEST04',null,null,null,'N');
Insert into YIST.TASK_SUBMIT (TASK_NO,STUDENT_ID,SUBMIT_CONTENT,SUBMIT_DATE,MODIFY_DATE,STATUS) values (1,'USER01',null,null,null,'N');
Insert into YIST.TASK_SUBMIT (TASK_NO,STUDENT_ID,SUBMIT_CONTENT,SUBMIT_DATE,MODIFY_DATE,STATUS) values (2,'USER05',null,null,null,'N');
Insert into YIST.TASK_SUBMIT (TASK_NO,STUDENT_ID,SUBMIT_CONTENT,SUBMIT_DATE,MODIFY_DATE,STATUS) values (2,'USER07',null,null,null,'N');
Insert into YIST.TASK_SUBMIT (TASK_NO,STUDENT_ID,SUBMIT_CONTENT,SUBMIT_DATE,MODIFY_DATE,STATUS) values (2,'USER11',null,null,null,'N');
Insert into YIST.TASK_SUBMIT (TASK_NO,STUDENT_ID,SUBMIT_CONTENT,SUBMIT_DATE,MODIFY_DATE,STATUS) values (2,'TEST04',null,null,null,'N');
Insert into YIST.TASK_SUBMIT (TASK_NO,STUDENT_ID,SUBMIT_CONTENT,SUBMIT_DATE,MODIFY_DATE,STATUS) values (2,'USER01',null,null,null,'N');
Insert into YIST.TASK_SUBMIT (TASK_NO,STUDENT_ID,SUBMIT_CONTENT,SUBMIT_DATE,MODIFY_DATE,STATUS) values (3,'USER05',null,null,null,'N');
Insert into YIST.TASK_SUBMIT (TASK_NO,STUDENT_ID,SUBMIT_CONTENT,SUBMIT_DATE,MODIFY_DATE,STATUS) values (3,'USER07',null,null,null,'N');
Insert into YIST.TASK_SUBMIT (TASK_NO,STUDENT_ID,SUBMIT_CONTENT,SUBMIT_DATE,MODIFY_DATE,STATUS) values (3,'USER11',null,null,null,'N');
Insert into YIST.TASK_SUBMIT (TASK_NO,STUDENT_ID,SUBMIT_CONTENT,SUBMIT_DATE,MODIFY_DATE,STATUS) values (3,'TEST04',null,null,null,'N');
Insert into YIST.TASK_SUBMIT (TASK_NO,STUDENT_ID,SUBMIT_CONTENT,SUBMIT_DATE,MODIFY_DATE,STATUS) values (3,'USER01',null,null,null,'N');
Insert into YIST.TASK_SUBMIT (TASK_NO,STUDENT_ID,SUBMIT_CONTENT,SUBMIT_DATE,MODIFY_DATE,STATUS) values (4,'USER05',null,null,null,'N');
Insert into YIST.TASK_SUBMIT (TASK_NO,STUDENT_ID,SUBMIT_CONTENT,SUBMIT_DATE,MODIFY_DATE,STATUS) values (4,'USER07',null,null,null,'N');
Insert into YIST.TASK_SUBMIT (TASK_NO,STUDENT_ID,SUBMIT_CONTENT,SUBMIT_DATE,MODIFY_DATE,STATUS) values (4,'USER11',null,null,null,'N');
Insert into YIST.TASK_SUBMIT (TASK_NO,STUDENT_ID,SUBMIT_CONTENT,SUBMIT_DATE,MODIFY_DATE,STATUS) values (4,'TEST04',null,null,null,'N');
Insert into YIST.TASK_SUBMIT (TASK_NO,STUDENT_ID,SUBMIT_CONTENT,SUBMIT_DATE,MODIFY_DATE,STATUS) values (4,'USER01',null,null,null,'N');
Insert into YIST.TASK_SUBMIT (TASK_NO,STUDENT_ID,SUBMIT_CONTENT,SUBMIT_DATE,MODIFY_DATE,STATUS) values (5,'USER05',null,null,null,'N');
Insert into YIST.TASK_SUBMIT (TASK_NO,STUDENT_ID,SUBMIT_CONTENT,SUBMIT_DATE,MODIFY_DATE,STATUS) values (5,'USER07',null,null,null,'N');
Insert into YIST.TASK_SUBMIT (TASK_NO,STUDENT_ID,SUBMIT_CONTENT,SUBMIT_DATE,MODIFY_DATE,STATUS) values (5,'USER11',null,null,null,'N');
Insert into YIST.TASK_SUBMIT (TASK_NO,STUDENT_ID,SUBMIT_CONTENT,SUBMIT_DATE,MODIFY_DATE,STATUS) values (5,'TEST04',null,null,null,'N');
Insert into YIST.TASK_SUBMIT (TASK_NO,STUDENT_ID,SUBMIT_CONTENT,SUBMIT_DATE,MODIFY_DATE,STATUS) values (5,'USER01',null,null,null,'N');
Insert into YIST.TASK_SUBMIT (TASK_NO,STUDENT_ID,SUBMIT_CONTENT,SUBMIT_DATE,MODIFY_DATE,STATUS) values (6,'USER05',null,null,null,'N');
Insert into YIST.TASK_SUBMIT (TASK_NO,STUDENT_ID,SUBMIT_CONTENT,SUBMIT_DATE,MODIFY_DATE,STATUS) values (6,'USER07',null,null,null,'N');
Insert into YIST.TASK_SUBMIT (TASK_NO,STUDENT_ID,SUBMIT_CONTENT,SUBMIT_DATE,MODIFY_DATE,STATUS) values (6,'USER11',null,null,null,'N');
Insert into YIST.TASK_SUBMIT (TASK_NO,STUDENT_ID,SUBMIT_CONTENT,SUBMIT_DATE,MODIFY_DATE,STATUS) values (6,'TEST04',null,null,null,'N');
Insert into YIST.TASK_SUBMIT (TASK_NO,STUDENT_ID,SUBMIT_CONTENT,SUBMIT_DATE,MODIFY_DATE,STATUS) values (6,'USER01',null,null,null,'N');
Insert into YIST.TASK_SUBMIT (TASK_NO,STUDENT_ID,SUBMIT_CONTENT,SUBMIT_DATE,MODIFY_DATE,STATUS) values (7,'USER05',null,null,null,'N');
Insert into YIST.TASK_SUBMIT (TASK_NO,STUDENT_ID,SUBMIT_CONTENT,SUBMIT_DATE,MODIFY_DATE,STATUS) values (7,'USER07',null,null,null,'N');
Insert into YIST.TASK_SUBMIT (TASK_NO,STUDENT_ID,SUBMIT_CONTENT,SUBMIT_DATE,MODIFY_DATE,STATUS) values (7,'USER11',null,null,null,'N');
Insert into YIST.TASK_SUBMIT (TASK_NO,STUDENT_ID,SUBMIT_CONTENT,SUBMIT_DATE,MODIFY_DATE,STATUS) values (7,'TEST04',null,null,null,'N');
Insert into YIST.TASK_SUBMIT (TASK_NO,STUDENT_ID,SUBMIT_CONTENT,SUBMIT_DATE,MODIFY_DATE,STATUS) values (7,'USER01',null,null,null,'N');
Insert into YIST.TASK_SUBMIT (TASK_NO,STUDENT_ID,SUBMIT_CONTENT,SUBMIT_DATE,MODIFY_DATE,STATUS) values (8,'USER05',null,null,null,'N');
Insert into YIST.TASK_SUBMIT (TASK_NO,STUDENT_ID,SUBMIT_CONTENT,SUBMIT_DATE,MODIFY_DATE,STATUS) values (8,'USER07',null,null,null,'N');
Insert into YIST.TASK_SUBMIT (TASK_NO,STUDENT_ID,SUBMIT_CONTENT,SUBMIT_DATE,MODIFY_DATE,STATUS) values (8,'USER11',null,null,null,'N');
Insert into YIST.TASK_SUBMIT (TASK_NO,STUDENT_ID,SUBMIT_CONTENT,SUBMIT_DATE,MODIFY_DATE,STATUS) values (8,'TEST04',null,null,null,'N');
Insert into YIST.TASK_SUBMIT (TASK_NO,STUDENT_ID,SUBMIT_CONTENT,SUBMIT_DATE,MODIFY_DATE,STATUS) values (8,'USER01',null,null,null,'N');
Insert into YIST.TASK_SUBMIT (TASK_NO,STUDENT_ID,SUBMIT_CONTENT,SUBMIT_DATE,MODIFY_DATE,STATUS) values (9,'USER05',null,null,null,'N');
Insert into YIST.TASK_SUBMIT (TASK_NO,STUDENT_ID,SUBMIT_CONTENT,SUBMIT_DATE,MODIFY_DATE,STATUS) values (9,'USER07',null,null,null,'N');
Insert into YIST.TASK_SUBMIT (TASK_NO,STUDENT_ID,SUBMIT_CONTENT,SUBMIT_DATE,MODIFY_DATE,STATUS) values (9,'USER11',null,null,null,'N');
Insert into YIST.TASK_SUBMIT (TASK_NO,STUDENT_ID,SUBMIT_CONTENT,SUBMIT_DATE,MODIFY_DATE,STATUS) values (9,'TEST04',null,null,null,'N');
Insert into YIST.TASK_SUBMIT (TASK_NO,STUDENT_ID,SUBMIT_CONTENT,SUBMIT_DATE,MODIFY_DATE,STATUS) values (9,'USER01',null,null,null,'N');
Insert into YIST.TASK_SUBMIT (TASK_NO,STUDENT_ID,SUBMIT_CONTENT,SUBMIT_DATE,MODIFY_DATE,STATUS) values (10,'USER05',null,null,null,'N');
Insert into YIST.TASK_SUBMIT (TASK_NO,STUDENT_ID,SUBMIT_CONTENT,SUBMIT_DATE,MODIFY_DATE,STATUS) values (10,'USER07',null,null,null,'N');
Insert into YIST.TASK_SUBMIT (TASK_NO,STUDENT_ID,SUBMIT_CONTENT,SUBMIT_DATE,MODIFY_DATE,STATUS) values (10,'USER11',null,null,null,'N');
Insert into YIST.TASK_SUBMIT (TASK_NO,STUDENT_ID,SUBMIT_CONTENT,SUBMIT_DATE,MODIFY_DATE,STATUS) values (10,'TEST04',null,null,null,'N');
Insert into YIST.TASK_SUBMIT (TASK_NO,STUDENT_ID,SUBMIT_CONTENT,SUBMIT_DATE,MODIFY_DATE,STATUS) values (10,'USER01',null,null,null,'N');
Insert into YIST.TASK_SUBMIT (TASK_NO,STUDENT_ID,SUBMIT_CONTENT,SUBMIT_DATE,MODIFY_DATE,STATUS) values (11,'USER05',null,null,null,'N');
Insert into YIST.TASK_SUBMIT (TASK_NO,STUDENT_ID,SUBMIT_CONTENT,SUBMIT_DATE,MODIFY_DATE,STATUS) values (11,'USER07',null,null,null,'N');
Insert into YIST.TASK_SUBMIT (TASK_NO,STUDENT_ID,SUBMIT_CONTENT,SUBMIT_DATE,MODIFY_DATE,STATUS) values (11,'USER11',null,null,null,'N');
Insert into YIST.TASK_SUBMIT (TASK_NO,STUDENT_ID,SUBMIT_CONTENT,SUBMIT_DATE,MODIFY_DATE,STATUS) values (11,'TEST04',null,null,null,'N');
Insert into YIST.TASK_SUBMIT (TASK_NO,STUDENT_ID,SUBMIT_CONTENT,SUBMIT_DATE,MODIFY_DATE,STATUS) values (11,'USER01',null,null,null,'N');

-- EXAM
INSERT INTO EXAM (TEST_NO, ID, SUBJECT_NO, TEST_TITLE, STATUS) VALUES(SEQ_TNO.NEXTVAL, 'INSTRUCTOR01', 1, '자바시험1', 'Y');
INSERT INTO EXAM (TEST_NO, ID, SUBJECT_NO, TEST_TITLE, STATUS) VALUES(SEQ_TNO.NEXTVAL, 'instructor2', 2, '자바시험2', 'Y');
INSERT INTO EXAM (TEST_NO, ID, SUBJECT_NO, TEST_TITLE, STATUS) VALUES(SEQ_TNO.NEXTVAL, 'instructor5', 3, '파이썬', 'Y');
INSERT INTO EXAM (TEST_NO, ID, SUBJECT_NO, TEST_TITLE, STATUS) VALUES(SEQ_TNO.NEXTVAL, 'instructor6', 4, '파이썬', 'Y');
INSERT INTO EXAM (TEST_NO, ID, SUBJECT_NO, TEST_TITLE, STATUS) VALUES(SEQ_TNO.NEXTVAL, 'instructor9', 5, 'C', 'Y');
INSERT INTO EXAM (TEST_NO, ID, SUBJECT_NO, TEST_TITLE, STATUS) VALUES(SEQ_TNO.NEXTVAL, 'instructor7', 6, 'C', 'Y');
INSERT INTO EXAM (TEST_NO, ID, SUBJECT_NO, TEST_TITLE, STATUS) VALUES(SEQ_TNO.NEXTVAL, 'INSTRUCTOR01', 1, '자바시험3', 'N');


-- EXAM_ATTACHMENT

-- EXAM_QUESTION
INSERT INTO EXAM_QUESTION (TEST_NO, Q1, Q2, Q3, Q4, Q5, A1, A2, A3, A4, A5) VALUES (7,'resources/instructor/uploadFiles/java_exam1.png','resources/instructor/uploadFiles/java_exam2.png','resources/instructor/uploadFiles/java_exam3.png','resources/instructor/uploadFiles/java_exam4.png','resources/instructor/uploadFiles/java_exam5.png','return num1 + num2;','return num1 - num2;','return num1 * num2;','return num1/num2;','return num1/num2 * 1000;');

-- EXAM_BOARD

-- EXAM_ANSWER
INSERT INTO EXAM_ANSWER(TEST_NO, STUDENT_ID, STATUS, SCORE) VALUES(1,'USER01','Y',80);
INSERT INTO EXAM_ANSWER(TEST_NO, STUDENT_ID, STATUS, SCORE) VALUES(1,'USER05','Y',100);
INSERT INTO EXAM_ANSWER(TEST_NO, STUDENT_ID, STATUS, SCORE) VALUES(1,'USER07','Y',50);
INSERT INTO EXAM_ANSWER(TEST_NO, STUDENT_ID, STATUS, SCORE) VALUES(1,'USER11','Y',60);
INSERT INTO EXAM_ANSWER(TEST_NO, STUDENT_ID, STATUS, SCORE) VALUES(1,'TEST04','Y',70);
INSERT INTO EXAM_ANSWER(TEST_NO, STUDENT_ID, STATUS, SCORE) VALUES(3,'USER08','Y',80);
INSERT INTO EXAM_ANSWER(TEST_NO, STUDENT_ID, STATUS, SCORE) VALUES(3,'USER09','Y',100);
INSERT INTO EXAM_ANSWER(TEST_NO, STUDENT_ID, STATUS, SCORE) VALUES(3,'USER10','Y',100);
INSERT INTO EXAM_ANSWER(TEST_NO, STUDENT_ID, STATUS, SCORE) VALUES(3,'TEST02','Y',40);
INSERT INTO EXAM_ANSWER(TEST_NO, STUDENT_ID, STATUS, SCORE) VALUES(3,'TEST03','Y',75);
INSERT INTO EXAM_ANSWER(TEST_NO, STUDENT_ID, STATUS, SCORE) VALUES(5,'user13','Y',90);
INSERT INTO EXAM_ANSWER(TEST_NO, STUDENT_ID, STATUS, SCORE) VALUES(5,'user14','Y',100);
INSERT INTO EXAM_ANSWER(TEST_NO, STUDENT_ID, STATUS, SCORE) VALUES(5,'user15','Y',65);
INSERT INTO EXAM_ANSWER(TEST_NO, STUDENT_ID, STATUS, SCORE) VALUES(5,'user16','Y',75);
INSERT INTO EXAM_ANSWER(TEST_NO, STUDENT_ID, STATUS, SCORE) VALUES(7,'USER01','N',999);
INSERT INTO EXAM_ANSWER(TEST_NO, STUDENT_ID, STATUS, SCORE) VALUES(7,'USER05','N',999);
INSERT INTO EXAM_ANSWER(TEST_NO, STUDENT_ID, STATUS, SCORE) VALUES(7,'USER07','N',999);
INSERT INTO EXAM_ANSWER(TEST_NO, STUDENT_ID, STATUS, SCORE) VALUES(7,'USER11','N',999);
INSERT INTO EXAM_ANSWER(TEST_NO, STUDENT_ID, STATUS, SCORE) VALUES(7,'TEST04','N',999);


-- CERTIFICATE_ATTACHMENT

-- MATERIAL_BOARD
INSERT INTO MATERIAL_BOARD (BOARD_NO, CLASS_NO, BOARD_TITLE, BOARD_WRITER, BOARD_CONTENT, ORIGIN_NAME, CHANGE_NAME, COUNT, CREATE_DATE, STATUS) VALUES (SEQ_MBNO.NEXTVAL,1,'자바 1반 수업자료','admin','자바 1반 수업자료입니다.',NULL,NULL,0,to_date('04/20/2023', 'MM/DD/RRRR'),'Y');
INSERT INTO MATERIAL_BOARD (BOARD_NO, CLASS_NO, BOARD_TITLE, BOARD_WRITER, BOARD_CONTENT, ORIGIN_NAME, CHANGE_NAME, COUNT, CREATE_DATE, STATUS) VALUES (SEQ_MBNO.NEXTVAL,2,'파이썬 1반 수업자료','admin','파이썬 1반 수업자료입니다.',NULL,NULL,0,to_date('04/20/2023', 'MM/DD/RRRR'),'Y');
INSERT INTO MATERIAL_BOARD (BOARD_NO, CLASS_NO, BOARD_TITLE, BOARD_WRITER, BOARD_CONTENT, ORIGIN_NAME, CHANGE_NAME, COUNT, CREATE_DATE, STATUS) VALUES (SEQ_MBNO.NEXTVAL,3,'C언어 1반 수업자료','admin','C언어 1반 수업자료입니다.',NULL,NULL,0,to_date('04/21/2023', 'MM/DD/RRRR'),'Y');
INSERT INTO MATERIAL_BOARD (BOARD_NO, CLASS_NO, BOARD_TITLE, BOARD_WRITER, BOARD_CONTENT, ORIGIN_NAME, CHANGE_NAME, COUNT, CREATE_DATE, STATUS) VALUES (SEQ_MBNO.NEXTVAL,1,'자바 2반 수업자료','admin','자바 2반 수업자료입니다.',NULL,NULL,0,to_date('04/21/2023', 'MM/DD/RRRR'),'Y');
INSERT INTO MATERIAL_BOARD (BOARD_NO, CLASS_NO, BOARD_TITLE, BOARD_WRITER, BOARD_CONTENT, ORIGIN_NAME, CHANGE_NAME, COUNT, CREATE_DATE, STATUS) VALUES (SEQ_MBNO.NEXTVAL,2,'파이썬 2반 수업자료','admin','파이썬 2반 수업자료입니다.',NULL,NULL,0,to_date('04/24/2023', 'MM/DD/RRRR'),'N');
INSERT INTO MATERIAL_BOARD (BOARD_NO, CLASS_NO, BOARD_TITLE, BOARD_WRITER, BOARD_CONTENT, ORIGIN_NAME, CHANGE_NAME, COUNT, CREATE_DATE, STATUS) VALUES (SEQ_MBNO.NEXTVAL,3,'C언어 2반 수업자료','admin','C언어 2반 수업자료입니다.',NULL,NULL,0,to_date('04/24/2023', 'MM/DD/RRRR'),'Y');
INSERT INTO MATERIAL_BOARD (BOARD_NO, CLASS_NO, BOARD_TITLE, BOARD_WRITER, BOARD_CONTENT, ORIGIN_NAME, CHANGE_NAME, COUNT, CREATE_DATE, STATUS) VALUES (SEQ_MBNO.NEXTVAL,1,'자바 1반 수업자료','admin','자바 1반 수업자료입니다.',NULL,NULL,0,to_date('04/24/2023', 'MM/DD/RRRR'),'Y');
INSERT INTO MATERIAL_BOARD (BOARD_NO, CLASS_NO, BOARD_TITLE, BOARD_WRITER, BOARD_CONTENT, ORIGIN_NAME, CHANGE_NAME, COUNT, CREATE_DATE, STATUS) VALUES (SEQ_MBNO.NEXTVAL,2,'파이썬 1반 수업자료','admin','파이썬 1반 수업자료입니다.',NULL,NULL,0,to_date('04/24/2023', 'MM/DD/RRRR'),'Y');
INSERT INTO MATERIAL_BOARD (BOARD_NO, CLASS_NO, BOARD_TITLE, BOARD_WRITER, BOARD_CONTENT, ORIGIN_NAME, CHANGE_NAME, COUNT, CREATE_DATE, STATUS) VALUES (SEQ_MBNO.NEXTVAL,3,'C언어 1반 수업자료','admin','C언어 1반 수업자료입니다.',NULL,NULL,0,to_date('04/24/2023', 'MM/DD/RRRR'),'Y');
INSERT INTO MATERIAL_BOARD (BOARD_NO, CLASS_NO, BOARD_TITLE, BOARD_WRITER, BOARD_CONTENT, ORIGIN_NAME, CHANGE_NAME, COUNT, CREATE_DATE, STATUS) VALUES (SEQ_MBNO.NEXTVAL,1,'자바 2반 수업자료','admin','자바 2반 수업자료입니다.',NULL,NULL,0,to_date('04/24/2023', 'MM/DD/RRRR'),'Y');

-- NOTICE
INSERT INTO NOTICE (BOARD_NO, BOARD_TITLE, BOARD_WRITER, BOARD_CONTENT, ORIGIN_NAME, CHANGE_NAME, COUNT, CREATE_DATE, STATUS, VIEWS) VALUES (SEQ_NNO.NEXTVAL,'7월 개강 안내','admin','안녕하세요 YIST입니다. 2022년 7월 개강에 대하여 공지드립니다.',NULL,NULL,0,to_date('03/02/2023', 'MM/DD/RRRR'),'Y',3);
INSERT INTO NOTICE (BOARD_NO, BOARD_TITLE, BOARD_WRITER, BOARD_CONTENT, ORIGIN_NAME, CHANGE_NAME, COUNT, CREATE_DATE, STATUS, VIEWS) VALUES (SEQ_NNO.NEXTVAL,'8월 개강 안내','admin','안녕하세요 YIST입니다. 2022년 8월 개강에 대하여 공지드립니다.',NULL,NULL,0,to_date('04/03/2023', 'MM/DD/RRRR'),'Y',3);
INSERT INTO NOTICE (BOARD_NO, BOARD_TITLE, BOARD_WRITER, BOARD_CONTENT, ORIGIN_NAME, CHANGE_NAME, COUNT, CREATE_DATE, STATUS, VIEWS) VALUES (SEQ_NNO.NEXTVAL,'9월 개강 안내','admin','안녕하세요 YIST입니다. 2022년 9월 개강에 대하여 공지드립니다.',NULL,NULL,0,to_date('01/02/2023', 'MM/DD/RRRR'),'Y',3);
INSERT INTO NOTICE (BOARD_NO, BOARD_TITLE, BOARD_WRITER, BOARD_CONTENT, ORIGIN_NAME, CHANGE_NAME, COUNT, CREATE_DATE, STATUS, VIEWS) VALUES (SEQ_NNO.NEXTVAL,'10월 개강 안내','admin','안녕하세요 YIST입니다. 2022년 10월 개강에 대하여 공지드립니다.',NULL,NULL,0,to_date('02/01/2023', 'MM/DD/RRRR'),'Y',3);
INSERT INTO NOTICE (BOARD_NO, BOARD_TITLE, BOARD_WRITER, BOARD_CONTENT, ORIGIN_NAME, CHANGE_NAME, COUNT, CREATE_DATE, STATUS, VIEWS) VALUES (SEQ_NNO.NEXTVAL,'11월 개강 안내','admin','안녕하세요 YIST입니다. 2022년 11월 개강에 대하여 공지드립니다.',NULL,NULL,0,to_date('03/02/2023', 'MM/DD/RRRR'),'Y',3);
INSERT INTO NOTICE (BOARD_NO, BOARD_TITLE, BOARD_WRITER, BOARD_CONTENT, ORIGIN_NAME, CHANGE_NAME, COUNT, CREATE_DATE, STATUS, VIEWS) VALUES (SEQ_NNO.NEXTVAL,'12월 개강 안내','admin','안녕하세요 YIST입니다. 2022년 12월 개강에 대하여 공지드립니다.',NULL,NULL,0,to_date('04/03/2023', 'MM/DD/RRRR'),'Y',3);
INSERT INTO NOTICE (BOARD_NO, BOARD_TITLE, BOARD_WRITER, BOARD_CONTENT, ORIGIN_NAME, CHANGE_NAME, COUNT, CREATE_DATE, STATUS, VIEWS) VALUES (SEQ_NNO.NEXTVAL,'1월 개강 안내','admin','안녕하세요 YIST입니다. 2023년 1월 개강에 대하여 공지드립니다.',NULL,NULL,0,to_date('01/02/2023', 'MM/DD/RRRR'),'Y',3);
INSERT INTO NOTICE (BOARD_NO, BOARD_TITLE, BOARD_WRITER, BOARD_CONTENT, ORIGIN_NAME, CHANGE_NAME, COUNT, CREATE_DATE, STATUS, VIEWS) VALUES (SEQ_NNO.NEXTVAL,'2월 개강 안내','admin','안녕하세요 YIST입니다. 2023년 2월 개강에 대하여 공지드립니다.',NULL,NULL,0,to_date('02/01/2023', 'MM/DD/RRRR'),'Y',3);
INSERT INTO NOTICE (BOARD_NO, BOARD_TITLE, BOARD_WRITER, BOARD_CONTENT, ORIGIN_NAME, CHANGE_NAME, COUNT, CREATE_DATE, STATUS, VIEWS) VALUES (SEQ_NNO.NEXTVAL,'3월 개강 안내','admin','안녕하세요 YIST입니다. 2023년 3월 개강에 대하여 공지드립니다.',NULL,NULL,0,to_date('03/02/2023', 'MM/DD/RRRR'),'Y',3);
INSERT INTO NOTICE (BOARD_NO, BOARD_TITLE, BOARD_WRITER, BOARD_CONTENT, ORIGIN_NAME, CHANGE_NAME, COUNT, CREATE_DATE, STATUS, VIEWS) VALUES (SEQ_NNO.NEXTVAL,'4월 개강 안내','admin','안녕하세요 YIST입니다. 2023년 4월 개강에 대하여 공지드립니다.',NULL,NULL,0,to_date('04/03/2023', 'MM/DD/RRRR'),'Y',3);
INSERT INTO NOTICE (BOARD_NO, BOARD_TITLE, BOARD_WRITER, BOARD_CONTENT, ORIGIN_NAME, CHANGE_NAME, COUNT, CREATE_DATE, STATUS, VIEWS) VALUES (SEQ_NNO.NEXTVAL,'[필독]행정실공지사항입니다 ','admin','행정실 공지사항',NULL,NULL,0,to_date('04/05/2023', 'MM/DD/RRRR'),'Y',1);
INSERT INTO NOTICE (BOARD_NO, BOARD_TITLE, BOARD_WRITER, BOARD_CONTENT, ORIGIN_NAME, CHANGE_NAME, COUNT, CREATE_DATE, STATUS, VIEWS) VALUES (SEQ_NNO.NEXTVAL,'4월 휴강일 안내','admin','안녕하세요 YIST입니다. 4월 휴강일에 대해 안내드립니다.',NULL,NULL,0,to_date('04/06/2023', 'MM/DD/RRRR'),'Y',2);
INSERT INTO NOTICE (BOARD_NO, BOARD_TITLE, BOARD_WRITER, BOARD_CONTENT, ORIGIN_NAME, CHANGE_NAME, COUNT, CREATE_DATE, STATUS, VIEWS) VALUES (SEQ_NNO.NEXTVAL,'지각 출석인정 시 제출서류 안내','admin','안녕하세요 YIST입니다. 출석인정을 받기 위한 제출 서류 안내드립니다. 학생들에게 안내 부탁드립니다.',NULL,NULL,0,to_date('04/07/2023', 'MM/DD/RRRR'),'Y',2);
INSERT INTO NOTICE (BOARD_NO, BOARD_TITLE, BOARD_WRITER, BOARD_CONTENT, ORIGIN_NAME, CHANGE_NAME, COUNT, CREATE_DATE, STATUS, VIEWS) VALUES (SEQ_NNO.NEXTVAL,'자습실 이용시 주의사항','admin','안녕하세요 YIST입니다.',NULL,NULL,0,to_date('04/08/2023', 'MM/DD/RRRR'),'Y',3);
INSERT INTO NOTICE (BOARD_NO, BOARD_TITLE, BOARD_WRITER, BOARD_CONTENT, ORIGIN_NAME, CHANGE_NAME, COUNT, CREATE_DATE, STATUS, VIEWS) VALUES (SEQ_NNO.NEXTVAL,'출결시주의사항 안내 ','admin','최근 QR코드 출결하는 경우 문제가 생겨 결석처리가 되어버리는 학생들이 많아 안내드립니다.',NULL,NULL,0,to_date('04/09/2023', 'MM/DD/RRRR'),'Y',2);
INSERT INTO NOTICE (BOARD_NO, BOARD_TITLE, BOARD_WRITER, BOARD_CONTENT, ORIGIN_NAME, CHANGE_NAME, COUNT, CREATE_DATE, STATUS, VIEWS) VALUES (SEQ_NNO.NEXTVAL,'음식물 섭취에 관한 공지','admin','안녕하세요 YIST입니다.',NULL,NULL,0,to_date('04/10/2023', 'MM/DD/RRRR'),'Y',3);

-- QNA & REPLY
INSERT INTO QNA (BOARD_NO, BOARD_TITLE, BOARD_WRITER, BOARD_CONTENT, ORIGIN_NAME, CHANGE_NAME, COUNT, CREATE_DATE, STATUS, VIEWS, ANSWER) VALUES (SEQ_QNO.NEXTVAL,'자바 질문이요','USER01','자바 질문이요',NULL,NULL,0,to_date('04/05/2023', 'MM/DD/RRRR'),'Y',1,'Y');
INSERT INTO REPLY (REPLY_NO, BOARD_NO, REPLY_CONTENT, REPLY_WRITER, REPLY_DATE, STATUS, REPLY_STATUS, REF_RNO) VALUES (SEQ_RNO.NEXTVAL,SEQ_QNO.CURRVAL, '질문 답변입니다','instructor2',to_date('04/05/2023', 'MM/DD/RRRR'),'Y','N',NULL);
INSERT INTO REPLY (REPLY_NO, BOARD_NO, REPLY_CONTENT, REPLY_WRITER, REPLY_DATE, STATUS, REPLY_STATUS, REF_RNO) VALUES (SEQ_RNO.NEXTVAL,SEQ_QNO.CURRVAL, '답변에 대한 대답입니다.','USER01',to_date('04/10/2023', 'MM/DD/RRRR'),'Y','Y',SEQ_RNO.CURRVAL);
INSERT INTO QNA (BOARD_NO, BOARD_TITLE, BOARD_WRITER, BOARD_CONTENT, ORIGIN_NAME, CHANGE_NAME, COUNT, CREATE_DATE, STATUS, VIEWS, ANSWER) VALUES (SEQ_QNO.NEXTVAL,'파이썬 질문이요','USER02','파이썬 질문이요',NULL,NULL,0,to_date('04/06/2023', 'MM/DD/RRRR'),'Y',1,'Y');
INSERT INTO REPLY (REPLY_NO, BOARD_NO, REPLY_CONTENT, REPLY_WRITER, REPLY_DATE, STATUS, REPLY_STATUS, REF_RNO) VALUES (SEQ_RNO.NEXTVAL,SEQ_QNO.CURRVAL, '질문에 대한 대답','instructor3',to_date('04/06/2023', 'MM/DD/RRRR'),'Y','N',NULL);
INSERT INTO QNA (BOARD_NO, BOARD_TITLE, BOARD_WRITER, BOARD_CONTENT, ORIGIN_NAME, CHANGE_NAME, COUNT, CREATE_DATE, STATUS, VIEWS, ANSWER) VALUES (SEQ_QNO.NEXTVAL,'C# 질문이요','USER03','C# 질문이요',NULL,NULL,0,to_date('04/07/2023', 'MM/DD/RRRR'),'Y',1,'Y');
INSERT INTO REPLY (REPLY_NO, BOARD_NO, REPLY_CONTENT, REPLY_WRITER, REPLY_DATE, STATUS, REPLY_STATUS, REF_RNO) VALUES (SEQ_RNO.NEXTVAL,SEQ_QNO.CURRVAL,'질문 답변입니다','instructor4',to_date('04/07/2023', 'MM/DD/RRRR'),'Y','N',NULL);
INSERT INTO QNA (BOARD_NO, BOARD_TITLE, BOARD_WRITER, BOARD_CONTENT, ORIGIN_NAME, CHANGE_NAME, COUNT, CREATE_DATE, STATUS, VIEWS, ANSWER) VALUES (SEQ_QNO.NEXTVAL,'파이썬 오류 질문','USER04','파이썬 오류 질문',NULL,NULL,0,to_date('04/08/2023', 'MM/DD/RRRR'),'N',1,'Y');
INSERT INTO REPLY (REPLY_NO, BOARD_NO, REPLY_CONTENT, REPLY_WRITER, REPLY_DATE, STATUS, REPLY_STATUS, REF_RNO) VALUES (SEQ_RNO.NEXTVAL,SEQ_QNO.CURRVAL,'질문 답변입니다','instructor5',to_date('04/08/2023', 'MM/DD/RRRR'),'Y','N',NULL);
INSERT INTO QNA (BOARD_NO, BOARD_TITLE, BOARD_WRITER, BOARD_CONTENT, ORIGIN_NAME, CHANGE_NAME, COUNT, CREATE_DATE, STATUS, VIEWS, ANSWER) VALUES (SEQ_QNO.NEXTVAL,'자바 오류 질문','USER05','자바 오류 질문',NULL,NULL,0,to_date('04/09/2023', 'MM/DD/RRRR'),'Y',1,'Y');
INSERT INTO REPLY (REPLY_NO, BOARD_NO, REPLY_CONTENT, REPLY_WRITER, REPLY_DATE, STATUS, REPLY_STATUS, REF_RNO) VALUES (SEQ_RNO.NEXTVAL,SEQ_QNO.CURRVAL,'질문에 대한 답변','instructor6',to_date('04/09/2023', 'MM/DD/RRRR'),'Y','N',NULL);
INSERT INTO QNA (BOARD_NO, BOARD_TITLE, BOARD_WRITER, BOARD_CONTENT, ORIGIN_NAME, CHANGE_NAME, COUNT, CREATE_DATE, STATUS, VIEWS, ANSWER) VALUES (SEQ_QNO.NEXTVAL,'이클립스 설치 질문 ','USER06','이클립스 설치 질문 ',NULL,NULL,0,to_date('04/10/2023', 'MM/DD/RRRR'),'Y',1,'Y');
INSERT INTO QNA (BOARD_NO, BOARD_TITLE, BOARD_WRITER, BOARD_CONTENT, ORIGIN_NAME, CHANGE_NAME, COUNT, CREATE_DATE, STATUS, VIEWS, ANSWER) VALUES (SEQ_QNO.NEXTVAL,'VS코드 설정 질문','USER07','VS코드 설정 질문',NULL,NULL,0,to_date('04/11/2023', 'MM/DD/RRRR'),'Y',1,'N');
INSERT INTO QNA (BOARD_NO, BOARD_TITLE, BOARD_WRITER, BOARD_CONTENT, ORIGIN_NAME, CHANGE_NAME, COUNT, CREATE_DATE, STATUS, VIEWS, ANSWER) VALUES (SEQ_QNO.NEXTVAL,'자바 질문','USER08','자바 질문',NULL,NULL,0,to_date('04/12/2023', 'MM/DD/RRRR'),'Y',1,'N');
INSERT INTO QNA (BOARD_NO, BOARD_TITLE, BOARD_WRITER, BOARD_CONTENT, ORIGIN_NAME, CHANGE_NAME, COUNT, CREATE_DATE, STATUS, VIEWS, ANSWER) VALUES (SEQ_QNO.NEXTVAL,'파이썬 복습 중에 ','USER09','파이썬 복습 중에 ',NULL,NULL,0,to_date('04/13/2023', 'MM/DD/RRRR'),'Y',1,'N');
INSERT INTO QNA (BOARD_NO, BOARD_TITLE, BOARD_WRITER, BOARD_CONTENT, ORIGIN_NAME, CHANGE_NAME, COUNT, CREATE_DATE, STATUS, VIEWS, ANSWER) VALUES (SEQ_QNO.NEXTVAL,'C언어 과제 중에','USER10','C언어 과제 중에',NULL,NULL,0,to_date('04/14/2023', 'MM/DD/RRRR'),'N',1,'N');
INSERT INTO QNA (BOARD_NO, BOARD_TITLE, BOARD_WRITER, BOARD_CONTENT, ORIGIN_NAME, CHANGE_NAME, COUNT, CREATE_DATE, STATUS, VIEWS, ANSWER) VALUES (SEQ_QNO.NEXTVAL,'자바 질문이요','USER11','자바 질문이요',NULL,NULL,0,to_date('04/15/2023', 'MM/DD/RRRR'),'Y',1,'N');
INSERT INTO QNA (BOARD_NO, BOARD_TITLE, BOARD_WRITER, BOARD_CONTENT, ORIGIN_NAME, CHANGE_NAME, COUNT, CREATE_DATE, STATUS, VIEWS, ANSWER) VALUES (SEQ_QNO.NEXTVAL,'파이썬 질문이요','USER12','파이썬 질문이요',NULL,NULL,0,to_date('04/16/2023', 'MM/DD/RRRR'),'Y',1,'N');
INSERT INTO QNA (BOARD_NO, BOARD_TITLE, BOARD_WRITER, BOARD_CONTENT, ORIGIN_NAME, CHANGE_NAME, COUNT, CREATE_DATE, STATUS, VIEWS, ANSWER) VALUES (SEQ_QNO.NEXTVAL,'C# 질문이요','TEST01','C# 질문이요',NULL,NULL,0,to_date('04/17/2023', 'MM/DD/RRRR'),'Y',1,'N');
INSERT INTO QNA (BOARD_NO, BOARD_TITLE, BOARD_WRITER, BOARD_CONTENT, ORIGIN_NAME, CHANGE_NAME, COUNT, CREATE_DATE, STATUS, VIEWS, ANSWER) VALUES (SEQ_QNO.NEXTVAL,'파이썬 오류 질문','TEST02','파이썬 오류 질문',NULL,NULL,0,to_date('04/18/2023', 'MM/DD/RRRR'),'Y',1,'N');
INSERT INTO QNA (BOARD_NO, BOARD_TITLE, BOARD_WRITER, BOARD_CONTENT, ORIGIN_NAME, CHANGE_NAME, COUNT, CREATE_DATE, STATUS, VIEWS, ANSWER) VALUES (SEQ_QNO.NEXTVAL,'자바 오류 질문','TEST03','자바 오류 질문',NULL,NULL,0,to_date('04/19/2023', 'MM/DD/RRRR'),'Y',1,'N');
INSERT INTO QNA (BOARD_NO, BOARD_TITLE, BOARD_WRITER, BOARD_CONTENT, ORIGIN_NAME, CHANGE_NAME, COUNT, CREATE_DATE, STATUS, VIEWS, ANSWER) VALUES (SEQ_QNO.NEXTVAL,'이클립스 설치 질문 ','TEST04','이클립스 설치 질문 ',NULL,NULL,0,to_date('04/20/2023', 'MM/DD/RRRR'),'N',1,'N');
INSERT INTO QNA (BOARD_NO, BOARD_TITLE, BOARD_WRITER, BOARD_CONTENT, ORIGIN_NAME, CHANGE_NAME, COUNT, CREATE_DATE, STATUS, VIEWS, ANSWER) VALUES (SEQ_QNO.NEXTVAL,'VS코드 설정 질문','TEST05','VS코드 설정 질문',NULL,NULL,0,to_date('04/21/2023', 'MM/DD/RRRR'),'Y',1,'N');
INSERT INTO QNA (BOARD_NO, BOARD_TITLE, BOARD_WRITER, BOARD_CONTENT, ORIGIN_NAME, CHANGE_NAME, COUNT, CREATE_DATE, STATUS, VIEWS, ANSWER) VALUES (SEQ_QNO.NEXTVAL,'자바 질문','TEST06','자바 질문',NULL,NULL,0,to_date('04/22/2023', 'MM/DD/RRRR'),'Y',1,'N');
INSERT INTO QNA (BOARD_NO, BOARD_TITLE, BOARD_WRITER, BOARD_CONTENT, ORIGIN_NAME, CHANGE_NAME, COUNT, CREATE_DATE, STATUS, VIEWS, ANSWER) VALUES (SEQ_QNO.NEXTVAL,'파이썬 복습 중에 ','TEST07','파이썬 복습 중에 ',NULL,NULL,0,to_date('04/23/2023', 'MM/DD/RRRR'),'Y',1,'N');
INSERT INTO QNA (BOARD_NO, BOARD_TITLE, BOARD_WRITER, BOARD_CONTENT, ORIGIN_NAME, CHANGE_NAME, COUNT, CREATE_DATE, STATUS, VIEWS, ANSWER) VALUES (SEQ_QNO.NEXTVAL,'C언어 과제 중에','TEST08','C언어 과제 중에',NULL,NULL,0,to_date('04/24/2023', 'MM/DD/RRRR'),'Y',1,'N');

-- VIDEO


--DROP TRIGGER TRG_SUBJECT_CHANGE;
--
--CREATE OR REPLACE TRIGGER TRG_SUBJECT_CHANGE
--AFTER UPDATE OF STATUS ON SUBJECT
--FOR EACH ROW
--BEGIN
--  IF :OLD.STATUS != :NEW.STATUS THEN
--    UPDATE MEMBER
--    SET SUBJECT = NULL
--    WHERE MEMBER.SUBJECT = :OLD.SUBJECT_NO;
--  END IF;
--END;

commit;
